date,indicator,value,source,status
2026-05-11,us10y,4.41,yahoo:^TNX,ok
2026-05-12,aluminium,3652.5,yahoo:ALI=F,ok
2026-05-12,brent,107.769997,yahoo:BZ=F,ok
2026-05-12,copper,14296.977985,yahoo:HG=F,ok
2026-05-12,dxy,98.290001,yahoo:DX-Y.NYB,ok
2026-05-12,gold,4686.700195,yahoo:GC=F,ok
2026-05-12,natgas,2.843,yahoo:NG=F,ok
2026-05-12,nifty50,23379.550781,yahoo:^NSEI,ok
2026-05-12,nifty_bank,53555.199219,yahoo:^NSEBANK,ok
2026-05-12,nifty_it,28234.900391,yahoo:^CNXIT,ok
2026-05-12,silver,85.129997,yahoo:SI=F,ok
2026-05-12,us10y,4.463,yahoo:^TNX,ok
2026-05-12,wti,102.18,yahoo:CL=F,ok
2026-05-13,aluminium,3837.75,yahoo:ALI=F,ok
2026-05-13,brent,105.629997,yahoo:BZ=F,ok
2026-05-13,copper,14628.773294,yahoo:HG=F,ok
2026-05-13,dxy,98.480003,yahoo:DX-Y.NYB,ok
2026-05-13,gold,4706.700195,yahoo:GC=F,ok
2026-05-13,natgas,2.864,yahoo:NG=F,ok
2026-05-13,nifty50,23412.599609,yahoo:^NSEI,ok
2026-05-13,nifty_bank,53456.148438,yahoo:^NSEBANK,ok
2026-05-13,nifty_it,27916.650391,yahoo:^CNXIT,ok
2026-05-13,silver,88.888,yahoo:SI=F,ok
2026-05-13,us10y,4.481,yahoo:^TNX,ok
2026-05-13,vix,17.870001,yahoo:^VIX,ok
2026-05-13,wti,101.019997,yahoo:CL=F,ok
2026-05-13,zinc,3517,westmetall:LME_Zn_cash,ok
2026-05-14,aluminium,3892,yahoo:ALI=F,ok
2026-05-14,brent,105.720001,yahoo:BZ=F,ok
2026-05-14,copper,14478.859309,yahoo:HG=F,ok
2026-05-14,dxy,98.879997,yahoo:DX-Y.NYB,ok
2026-05-14,gold,4685.299805,yahoo:GC=F,ok
2026-05-14,natgas,2.894,yahoo:NG=F,ok
2026-05-14,nifty50,23689.599609,yahoo:^NSEI,ok
2026-05-14,nifty_bank,54128.949219,yahoo:^NSEBANK,ok
2026-05-14,nifty_it,27360.349609,yahoo:^CNXIT,ok
2026-05-14,silver,84.912003,yahoo:SI=F,ok
2026-05-14,us10y,4.461,yahoo:^TNX,ok
2026-05-14,vix,17.26,yahoo:^VIX,ok
2026-05-14,wti,101.169998,yahoo:CL=F,ok
2026-05-14,zinc,3596,westmetall:LME_Zn_cash,ok
2026-05-15,aluminium,3791.5,yahoo:ALI=F,ok
2026-05-15,brent,109.260002,yahoo:BZ=F,ok
2026-05-15,copper,13782.198595,yahoo:HG=F,ok
2026-05-15,dxy,99.269997,yahoo:DX-Y.NYB,ok
2026-05-15,gold,4561.899902,yahoo:GC=F,ok
2026-05-15,natgas,2.96,yahoo:NG=F,ok
2026-05-15,nifty50,23643.5,yahoo:^NSEI,ok
2026-05-15,nifty_bank,53710.351562,yahoo:^NSEBANK,ok
2026-05-15,nifty_it,27716.900391,yahoo:^CNXIT,ok
2026-05-15,silver,77.161003,yahoo:SI=F,ok
2026-05-15,us10y,4.595,yahoo:^TNX,ok
2026-05-15,vix,18.43,yahoo:^VIX,ok
2026-05-15,wti,105.419998,yahoo:CL=F,ok
2026-05-15,zinc,3527,westmetall:LME_Zn_cash,ok
2026-05-17,usdinr,95.970299,yahoo:INR=X,ok
2026-05-17,usdjpy,158.843994,yahoo:JPY=X,ok
2026-05-18,aluminium,3850,yahoo:ALI=F,ok
2026-05-18,brent,112.099998,yahoo:BZ=F,ok
2026-05-18,copper,13827.392711,yahoo:HG=F,ok
2026-05-18,dxy,98.970001,yahoo:DX-Y.NYB,ok
2026-05-18,gold,4558,yahoo:GC=F,ok
2026-05-18,natgas,3.024,yahoo:NG=F,ok
2026-05-18,nifty50,23649.949219,yahoo:^NSEI,ok
2026-05-18,nifty_bank,53537,yahoo:^NSEBANK,ok
2026-05-18,nifty_it,28389.800781,yahoo:^CNXIT,ok
2026-05-18,silver,77.072998,yahoo:SI=F,ok
2026-05-18,us10y,4.623,yahoo:^TNX,ok
2026-05-18,usdinr,96.270203,yahoo:INR=X,ok
2026-05-18,usdjpy,158.860992,yahoo:JPY=X,ok
2026-05-18,vix,17.82,yahoo:^VIX,ok
2026-05-18,wti,108.660004,yahoo:CL=F,ok
2026-05-18,zinc,3529,westmetall:LME_Zn_cash,ok
2026-05-19,aluminium,3874,yahoo:ALI=F,ok
2026-05-19,brent,111.279999,yahoo:BZ=F,ok
2026-05-19,copper,13591.498368,yahoo:HG=F,ok
2026-05-19,dxy,99.300003,yahoo:DX-Y.NYB,ok
2026-05-19,gold,4511.200195,yahoo:GC=F,ok
2026-05-19,natgas,3.114,yahoo:NG=F,ok
2026-05-19,nifty50,23618,yahoo:^NSEI,ok
2026-05-19,nifty_bank,53409.148438,yahoo:^NSEBANK,ok
2026-05-19,nifty_it,29308,yahoo:^CNXIT,ok
2026-05-19,silver,74.828003,yahoo:SI=F,ok
2026-05-19,us10y,4.667,yahoo:^TNX,ok
2026-05-19,usdinr,96.565804,yahoo:INR=X,ok
2026-05-19,usdjpy,159.035004,yahoo:JPY=X,ok
2026-05-19,vix,18.059999,yahoo:^VIX,ok
2026-05-19,wti,107.769997,yahoo:CL=F,ok
2026-05-19,zinc,3517,westmetall:LME_Zn_cash,ok
2026-05-20,aluminium,3910.75,yahoo:ALI=F,ok
2026-05-20,brent,105.019997,yahoo:BZ=F,ok
2026-05-20,copper,13868.178953,yahoo:HG=F,ok
2026-05-20,dxy,99.110001,yahoo:DX-Y.NYB,ok
2026-05-20,gold,4535.299805,yahoo:GC=F,ok
2026-05-20,natgas,3.004,yahoo:NG=F,ok
2026-05-20,nifty50,23659,yahoo:^NSEI,ok
2026-05-20,nifty_bank,53562.199219,yahoo:^NSEBANK,ok
2026-05-20,nifty_it,29185.150391,yahoo:^CNXIT,ok
2026-05-20,silver,75.850998,yahoo:SI=F,ok
2026-05-20,us10y,4.572,yahoo:^TNX,ok
2026-05-20,usdinr,96.528297,yahoo:INR=X,ok
2026-05-20,usdjpy,158.888,yahoo:JPY=X,ok
2026-05-20,vix,17.440001,yahoo:^VIX,ok
2026-05-20,wti,98.260002,yahoo:CL=F,ok
2026-05-20,zinc,3519,westmetall:LME_Zn_cash,ok
2026-05-21,aluminium,3941,yahoo:ALI=F,ok
2026-05-21,brent,102.580002,yahoo:BZ=F,ok
2026-05-21,copper,13794.323666,yahoo:HG=F,ok
2026-05-21,dxy,99.190002,yahoo:DX-Y.NYB,ok
2026-05-21,gold,4542.5,yahoo:GC=F,ok
2026-05-21,natgas,3.018,yahoo:NG=F,ok
2026-05-21,nifty50,23654.699219,yahoo:^NSEI,ok
2026-05-21,nifty_bank,53439.398438,yahoo:^NSEBANK,ok
2026-05-21,nifty_it,29021.099609,yahoo:^CNXIT,ok
2026-05-21,silver,76.414001,yahoo:SI=F,ok
2026-05-21,us10y,4.586,yahoo:^TNX,ok
2026-05-21,usdinr,96.173897,yahoo:INR=X,ok
2026-05-21,usdjpy,159.018005,yahoo:JPY=X,ok
2026-05-21,vix,16.76,yahoo:^VIX,ok
2026-05-21,wti,96.349998,yahoo:CL=F,ok
2026-05-21,zinc,3527.5,westmetall:LME_Zn_cash,ok
2026-05-22,aluminium,3963.5,yahoo:ALI=F,ok
2026-05-22,brent,103.540001,yahoo:BZ=F,ok
2026-05-22,copper,13981.716673,yahoo:HG=F,ok
2026-05-22,dxy,99.32,yahoo:DX-Y.NYB,ok
2026-05-22,gold,4523.200195,yahoo:GC=F,ok
2026-05-22,natgas,2.907,yahoo:NG=F,ok
2026-05-22,nifty50,23719.300781,yahoo:^NSEI,ok
2026-05-22,nifty_bank,54055.351562,yahoo:^NSEBANK,ok
2026-05-22,nifty_it,28912.5,yahoo:^CNXIT,ok
2026-05-22,silver,75.892998,yahoo:SI=F,ok
2026-05-22,us10y,4.558,yahoo:^TNX,ok
2026-05-22,vix,16.700001,yahoo:^VIX,ok
2026-05-22,wti,96.599998,yahoo:CL=F,ok
2026-05-22,zinc,3544.5,westmetall:LME_Zn_cash,ok
2026-05-24,usdinr,95.719498,yahoo:INR=X,ok
2026-05-24,usdjpy,158.945999,yahoo:JPY=X,ok
2026-05-25,nifty50,24031.699219,yahoo:^NSEI,ok
2026-05-25,nifty_bank,55293.648438,yahoo:^NSEBANK,ok
2026-05-25,nifty_it,28979.849609,yahoo:^CNXIT,ok
2026-05-25,usdinr,95.2528,yahoo:INR=X,ok
2026-05-25,usdjpy,158.953995,yahoo:JPY=X,ok
2026-05-25,vix,16.59,yahoo:^VIX,ok
2026-05-26,aluminium,4046,yahoo:ALI=F,ok
2026-05-26,brent,99.580002,yahoo:BZ=F,ok
2026-05-26,copper,14023.60462,yahoo:HG=F,ok
2026-05-26,dxy,99.169998,yahoo:DX-Y.NYB,ok
2026-05-26,gold,4502.299805,yahoo:GC=F,ok
2026-05-26,natgas,2.894,yahoo:NG=F,ok
2026-05-26,nifty50,23913.699219,yahoo:^NSEI,ok
2026-05-26,nifty_bank,55092.898438,yahoo:^NSEBANK,ok
2026-05-26,nifty_it,28978.5,yahoo:^CNXIT,ok
2026-05-26,silver,76.305,yahoo:SI=F,ok
2026-05-26,us10y,4.493,yahoo:^TNX,ok
2026-05-26,usdinr,95.904999,yahoo:INR=X,ok
2026-05-26,usdjpy,159.242996,yahoo:JPY=X,ok
2026-05-26,vix,17.01,yahoo:^VIX,ok
2026-05-26,wti,93.889999,yahoo:CL=F,ok
2026-05-26,zinc,3567,westmetall:LME_Zn_cash,ok
2026-05-27,aluminium,4195,yahoo:ALI=F,ok
2026-05-27,brent,94.290001,yahoo:BZ=F,ok
2026-05-27,copper,13900.145241,yahoo:HG=F,ok
2026-05-27,dxy,99.209999,yahoo:DX-Y.NYB,ok
2026-05-27,gold,4448.399902,yahoo:GC=F,ok
2026-05-27,natgas,3.04,yahoo:NG=F,ok
2026-05-27,nifty50,23907.150391,yahoo:^NSEI,ok
2026-05-27,nifty_bank,54853.851562,yahoo:^NSEBANK,ok
2026-05-27,nifty_it,28906.699219,yahoo:^CNXIT,ok
2026-05-27,silver,74.598999,yahoo:SI=F,ok
2026-05-27,us10y,4.481,yahoo:^TNX,ok
2026-05-27,usdinr,96.048897,yahoo:INR=X,ok
2026-05-27,usdjpy,159.567993,yahoo:JPY=X,ok
2026-05-27,vix,16.290001,yahoo:^VIX,ok
2026-05-27,wti,88.68,yahoo:CL=F,ok
2026-05-27,zinc,3516,westmetall:LME_Zn_cash,ok
2026-05-28,aluminium,3911.25,yahoo:ALI=F,ok
2026-05-28,brent,93.709999,yahoo:BZ=F,ok
2026-05-28,copper,14100.766076,yahoo:HG=F,ok
2026-05-28,dxy,99.019997,yahoo:DX-Y.NYB,ok
2026-05-28,gold,4499.299805,yahoo:GC=F,ok
2026-05-28,natgas,3.285,yahoo:NG=F,ok
2026-05-28,silver,75.644997,yahoo:SI=F,ok
2026-05-28,us10y,4.455,yahoo:^TNX,ok
2026-05-28,usdinr,96.048203,yahoo:INR=X,ok
2026-05-28,usdjpy,159.270004,yahoo:JPY=X,ok
2026-05-28,vix,15.74,yahoo:^VIX,ok
2026-05-28,wti,88.900002,yahoo:CL=F,ok
2026-05-28,zinc,3486,westmetall:LME_Zn_cash,ok
2026-05-29,aluminium,3917.75,yahoo:ALI=F,ok
2026-05-29,brent,92.050003,yahoo:BZ=F,ok
2026-05-29,copper,14020.297401,yahoo:HG=F,ok
2026-05-29,dxy,98.910004,yahoo:DX-Y.NYB,ok
2026-05-29,gold,4593,yahoo:GC=F,ok
2026-05-29,natgas,3.29,yahoo:NG=F,ok
2026-05-29,nifty50,23547.75,yahoo:^NSEI,ok
2026-05-29,nifty_bank,54239.199219,yahoo:^NSEBANK,ok
2026-05-29,nifty_it,29080.150391,yahoo:^CNXIT,ok
2026-05-29,silver,75.615997,yahoo:SI=F,ok
2026-05-29,us10y,4.453,yahoo:^TNX,ok
2026-05-29,vix,15.32,yahoo:^VIX,ok
2026-05-29,wti,87.360001,yahoo:CL=F,ok
2026-05-29,zinc,3549,westmetall:LME_Zn_cash,ok
2026-05-31,usdinr,95.002998,yahoo:INR=X,ok
2026-05-31,usdjpy,159.352997,yahoo:JPY=X,ok
2026-06-01,aluminium,3980.75,yahoo:ALI=F,ok
2026-06-01,brent,94.980003,yahoo:BZ=F,ok
2026-06-01,copper,14382.958343,yahoo:HG=F,ok
2026-06-01,dxy,99.199997,yahoo:DX-Y.NYB,ok
2026-06-01,gold,4506.299805,yahoo:GC=F,ok
2026-06-01,natgas,3.179,yahoo:NG=F,ok
2026-06-01,nifty50,23382.599609,yahoo:^NSEI,ok
2026-06-01,nifty_bank,53643.101562,yahoo:^NSEBANK,ok
2026-06-01,nifty_it,29854.25,yahoo:^CNXIT,ok
2026-06-01,silver,75.007004,yahoo:SI=F,ok
2026-06-01,us10y,4.475,yahoo:^TNX,ok
2026-06-01,usdinr,95.551399,yahoo:INR=X,ok
2026-06-01,usdjpy,159.636002,yahoo:JPY=X,ok
2026-06-01,vix,16.049999,yahoo:^VIX,ok
2026-06-01,wti,92.160004,yahoo:CL=F,ok
2026-06-01,zinc,3555,westmetall:LME_Zn_cash,ok
2026-06-02,aluminium,4054.25,yahoo:ALI=F,ok
2026-06-02,brent,96,yahoo:BZ=F,ok
2026-06-02,copper,14659.637876,yahoo:HG=F,ok
2026-06-02,dxy,99.220001,yahoo:DX-Y.NYB,ok
2026-06-02,gold,4519.899902,yahoo:GC=F,ok
2026-06-02,natgas,3.167,yahoo:NG=F,ok
2026-06-02,nifty50,23483.550781,yahoo:^NSEI,ok
2026-06-02,nifty_bank,53714.648438,yahoo:^NSEBANK,ok
2026-06-02,nifty_it,31116.550781,yahoo:^CNXIT,ok
2026-06-02,silver,75.310997,yahoo:SI=F,ok
2026-06-02,us10y,4.455,yahoo:^TNX,ok
2026-06-02,usdinr,95.263,yahoo:INR=X,ok
2026-06-02,usdjpy,159.968002,yahoo:JPY=X,ok
2026-06-02,vix,15.77,yahoo:^VIX,ok
2026-06-02,wti,93.760002,yahoo:CL=F,ok
2026-06-02,zinc,3612,westmetall:LME_Zn_cash,ok
2026-06-03,aluminium,4026.25,yahoo:ALI=F,ok
2026-06-03,brent,97.809998,yahoo:BZ=F,ok
2026-06-03,copper,14288.159082,yahoo:HG=F,ok
2026-06-03,dxy,99.529999,yahoo:DX-Y.NYB,ok
2026-06-03,gold,4466.899902,yahoo:GC=F,ok
2026-06-03,natgas,3.214,yahoo:NG=F,ok
2026-06-03,nifty50,23405.599609,yahoo:^NSEI,ok
2026-06-03,nifty_bank,54185.949219,yahoo:^NSEBANK,ok
2026-06-03,nifty_it,29384.449219,yahoo:^CNXIT,ok
2026-06-03,silver,73.475998,yahoo:SI=F,ok
2026-06-03,us10y,4.491,yahoo:^TNX,ok
2026-06-03,usdinr,96.164497,yahoo:INR=X,ok
2026-06-03,usdjpy,159.940002,yahoo:JPY=X,ok
2026-06-03,vix,16.059999,yahoo:^VIX,ok
2026-06-03,wti,96.019997,yahoo:CL=F,ok
2026-06-03,zinc,3624.5,westmetall:LME_Zn_cash,ok
2026-06-04,aluminium,3996.75,yahoo:ALI=F,ok
2026-06-04,brent,95.029999,yahoo:BZ=F,ok
2026-06-04,copper,14354.298224,yahoo:HG=F,ok
2026-06-04,dxy,99.410004,yahoo:DX-Y.NYB,ok
2026-06-04,gold,4505,yahoo:GC=F,ok
2026-06-04,natgas,3.336,yahoo:NG=F,ok
2026-06-04,nifty50,23416.550781,yahoo:^NSEI,ok
2026-06-04,nifty_bank,54307.851562,yahoo:^NSEBANK,ok
2026-06-04,nifty_it,29300.599609,yahoo:^CNXIT,ok
2026-06-04,silver,73.778999,yahoo:SI=F,ok
2026-06-04,us10y,4.477,yahoo:^TNX,ok
2026-06-04,usdinr,95.790298,yahoo:INR=X,ok
2026-06-04,usdjpy,159.990005,yahoo:JPY=X,ok
2026-06-04,vix,15.4,yahoo:^VIX,ok
2026-06-04,wti,93.040001,yahoo:CL=F,ok
2026-06-04,zinc,3564,westmetall:LME_Zn_cash,ok
2026-06-05,aluminium,3950.25,yahoo:ALI=F,ok
2026-06-05,brent,93.089996,yahoo:BZ=F,ok
2026-06-05,copper,13808.654251,yahoo:HG=F,ok
2026-06-05,dxy,100.07,yahoo:DX-Y.NYB,ok
2026-06-05,gold,4365.299805,yahoo:GC=F,ok
2026-06-05,natgas,3.229,yahoo:NG=F,ok
2026-06-05,nifty50,23366.699219,yahoo:^NSEI,ok
2026-06-05,nifty_bank,54496.25,yahoo:^NSEBANK,ok
2026-06-05,nifty_it,29010.300781,yahoo:^CNXIT,ok
2026-06-05,silver,68.943001,yahoo:SI=F,ok
2026-06-05,us10y,4.536,yahoo:^TNX,ok
2026-06-05,vix,21.51,yahoo:^VIX,ok
2026-06-05,wti,90.540001,yahoo:CL=F,ok
2026-06-05,zinc,3575,westmetall:LME_Zn_cash,ok
2026-06-07,usdinr,94.950302,yahoo:INR=X,ok
2026-06-07,usdjpy,160.326996,yahoo:JPY=X,ok
2026-06-08,aluminium,3953.5,yahoo:ALI=F,ok
2026-06-08,brent,94.25,yahoo:BZ=F,ok
2026-06-08,copper,13954.159311,yahoo:HG=F,ok
2026-06-08,dxy,100.050003,yahoo:DX-Y.NYB,ok
2026-06-08,gold,4363.399902,yahoo:GC=F,ok
2026-06-08,natgas,3.147,yahoo:NG=F,ok
2026-06-08,nifty50,23123,yahoo:^NSEI,ok
2026-06-08,nifty_bank,54063.75,yahoo:^NSEBANK,ok
2026-06-08,nifty_it,28653.550781,yahoo:^CNXIT,ok
2026-06-08,silver,68.425003,yahoo:SI=F,ok
2026-06-08,us10y,4.552,yahoo:^TNX,ok
2026-06-08,usdinr,95.688301,yahoo:INR=X,ok
2026-06-08,usdjpy,160.173996,yahoo:JPY=X,ok
2026-06-08,vix,18.92,yahoo:^VIX,ok
2026-06-08,wti,91.300003,yahoo:CL=F,ok
2026-06-08,zinc,3519,westmetall:LME_Zn_cash,ok
2026-06-09,aluminium,3881.5,yahoo:ALI=F,ok
2026-06-09,brent,91.449997,yahoo:BZ=F,ok
2026-06-09,copper,13894.633558,yahoo:HG=F,ok
2026-06-09,dxy,99.910004,yahoo:DX-Y.NYB,ok
2026-06-09,gold,4286.399902,yahoo:GC=F,ok
2026-06-09,natgas,3.14,yahoo:NG=F,ok
2026-06-09,nifty50,23242.099609,yahoo:^NSEI,ok
2026-06-09,nifty_bank,55194.5,yahoo:^NSEBANK,ok
2026-06-09,nifty_it,28516.25,yahoo:^CNXIT,ok
2026-06-09,silver,65.094002,yahoo:SI=F,ok
2026-06-09,us10y,4.528,yahoo:^TNX,ok
2026-06-09,usdinr,95.360298,yahoo:INR=X,ok
2026-06-09,usdjpy,160.384003,yahoo:JPY=X,ok
2026-06-09,vix,19.870001,yahoo:^VIX,ok
2026-06-09,wti,88.199997,yahoo:CL=F,ok
2026-06-09,zinc,3576,westmetall:LME_Zn_cash,ok
2026-06-10,aluminium,3779.75,yahoo:ALI=F,ok
2026-06-10,brent,93.099998,yahoo:BZ=F,ok
2026-06-10,copper,13776.686912,yahoo:HG=F,ok
2026-06-10,dxy,99.949997,yahoo:DX-Y.NYB,ok
2026-06-10,gold,4133.299805,yahoo:GC=F,ok
2026-06-10,natgas,3.185,yahoo:NG=F,ok
2026-06-10,nifty50,23214.949219,yahoo:^NSEI,ok
2026-06-10,nifty_bank,55100.300781,yahoo:^NSEBANK,ok
2026-06-10,nifty_it,28279.949219,yahoo:^CNXIT,ok
2026-06-10,silver,64.598999,yahoo:SI=F,ok
2026-06-10,us10y,4.542,yahoo:^TNX,ok
2026-06-10,usdinr,95.644501,yahoo:INR=X,ok
2026-06-10,usdjpy,160.526993,yahoo:JPY=X,ok
2026-06-10,vix,22.219999,yahoo:^VIX,ok
2026-06-10,wti,90.029999,yahoo:CL=F,ok
2026-06-10,zinc,3486,westmetall:LME_Zn_cash,ok
2026-06-11,aluminium,3794.5,yahoo:ALI=F,ok
2026-06-11,brent,90.379997,yahoo:BZ=F,ok
2026-06-11,copper,13798.732592,yahoo:HG=F,ok
2026-06-11,dxy,99.860001,yahoo:DX-Y.NYB,ok
2026-06-11,gold,4114,yahoo:GC=F,ok
2026-06-11,natgas,3.087,yahoo:NG=F,ok
2026-06-11,nifty50,23161.599609,yahoo:^NSEI,ok
2026-06-11,nifty_bank,55176.75,yahoo:^NSEBANK,ok
2026-06-11,nifty_it,27821.050781,yahoo:^CNXIT,ok
2026-06-11,silver,63.884998,yahoo:SI=F,ok
2026-06-11,us10y,4.463,yahoo:^TNX,ok
2026-06-11,usdinr,95.760101,yahoo:INR=X,ok
2026-06-11,usdjpy,160.130005,yahoo:JPY=X,ok
2026-06-11,vix,19.440001,yahoo:^VIX,ok
2026-06-11,wti,87.709999,yahoo:CL=F,ok
2026-06-11,zinc,3468,westmetall:LME_Zn_cash,ok
2026-06-12,aluminium,3858.75,yahoo:ALI=F,ok
2026-06-12,brent,87.330002,yahoo:BZ=F,ok
2026-06-12,copper,14176.825825,yahoo:HG=F,ok
2026-06-12,dxy,99.75,yahoo:DX-Y.NYB,ok
2026-06-12,gold,4238.799805,yahoo:GC=F,ok
2026-06-12,natgas,3.12,yahoo:NG=F,ok
2026-06-12,nifty50,23622.900391,yahoo:^NSEI,ok
2026-06-12,nifty_bank,56814.800781,yahoo:^NSEBANK,ok
2026-06-12,nifty_it,27795.75,yahoo:^CNXIT,ok
2026-06-12,silver,67.859001,yahoo:SI=F,ok
2026-06-12,us10y,4.487,yahoo:^TNX,ok
2026-06-12,vix,17.68,yahoo:^VIX,ok
2026-06-12,wti,84.879997,yahoo:CL=F,ok
2026-06-12,zinc,3557,westmetall:LME_Zn_cash,ok
2026-06-14,usdinr,95.110298,yahoo:INR=X,ok
2026-06-14,usdjpy,159.955002,yahoo:JPY=X,ok
2026-06-15,aluminium,3696,yahoo:ALI=F,ok
2026-06-15,brent,83.169998,yahoo:BZ=F,ok
2026-06-15,copper,14291.466302,yahoo:HG=F,ok
2026-06-15,dxy,99.629997,yahoo:DX-Y.NYB,ok
2026-06-15,gold,4351.600098,yahoo:GC=F,ok
2026-06-15,natgas,3.147,yahoo:NG=F,ok
2026-06-15,nifty50,23853.900391,yahoo:^NSEI,ok
2026-06-15,nifty_bank,57198.800781,yahoo:^NSEBANK,ok
2026-06-15,nifty_it,28067.900391,yahoo:^CNXIT,ok
2026-06-15,silver,70.066002,yahoo:SI=F,ok
2026-06-15,us10y,4.469,yahoo:^TNX,ok
2026-06-15,usdinr,94.741699,yahoo:INR=X,ok
2026-06-15,usdjpy,160.229004,yahoo:JPY=X,ok
2026-06-15,vix,16.200001,yahoo:^VIX,ok
2026-06-15,wti,80.75,yahoo:CL=F,ok
2026-06-15,zinc,3562,westmetall:LME_Zn_cash,ok
2026-06-16,aluminium,3691,yahoo:ALI=F,ok
2026-06-16,brent,78.959999,yahoo:BZ=F,ok
2026-06-16,copper,14305.795836,yahoo:HG=F,ok
2026-06-16,dxy,99.540001,yahoo:DX-Y.NYB,ok
2026-06-16,gold,4354.399902,yahoo:GC=F,ok
2026-06-16,natgas,3.239,yahoo:NG=F,ok
2026-06-16,nifty50,23989.150391,yahoo:^NSEI,ok
2026-06-16,nifty_bank,57297.148438,yahoo:^NSEBANK,ok
2026-06-16,nifty_it,28568.099609,yahoo:^CNXIT,ok
2026-06-16,silver,69.899002,yahoo:SI=F,ok
2026-06-16,us10y,4.428,yahoo:^TNX,ok
2026-06-16,usdinr,94.888603,yahoo:INR=X,ok
2026-06-16,usdjpy,160.419006,yahoo:JPY=X,ok
2026-06-16,vix,16.41,yahoo:^VIX,ok
2026-06-16,wti,76.050003,yahoo:CL=F,ok
2026-06-16,zinc,3550,westmetall:LME_Zn_cash,ok
2026-06-17,aluminium,3719,yahoo:ALI=F,ok
2026-06-17,brent,79.550003,yahoo:BZ=F,ok
2026-06-17,copper,14289.26184,yahoo:HG=F,ok
2026-06-17,dxy,100.089996,yahoo:DX-Y.NYB,ok
2026-06-17,gold,4381.399902,yahoo:GC=F,ok
2026-06-17,natgas,3.145,yahoo:NG=F,ok
2026-06-17,nifty50,24085.699219,yahoo:^NSEI,ok
2026-06-17,nifty_bank,57585.050781,yahoo:^NSEBANK,ok
2026-06-17,nifty_it,28809.550781,yahoo:^CNXIT,ok
2026-06-17,silver,70.695999,yahoo:SI=F,ok
2026-06-17,us10y,4.463,yahoo:^TNX,ok
2026-06-17,usdinr,94.858902,yahoo:INR=X,ok
2026-06-17,usdjpy,160.600006,yahoo:JPY=X,ok
2026-06-17,vix,18.440001,yahoo:^VIX,ok
2026-06-17,wti,76.790001,yahoo:CL=F,ok
2026-06-17,zinc,3592,westmetall:LME_Zn_cash,ok
2026-06-18,aluminium,3693.75,yahoo:ALI=F,ok
2026-06-18,brent,79.849998,yahoo:BZ=F,ok
2026-06-18,copper,14053.366445,yahoo:HG=F,ok
2026-06-18,dxy,100.849998,yahoo:DX-Y.NYB,ok
2026-06-18,gold,4245.899902,yahoo:GC=F,ok
2026-06-18,natgas,3.233,yahoo:NG=F,ok
2026-06-18,nifty50,24168,yahoo:^NSEI,ok
2026-06-18,nifty_bank,57963.800781,yahoo:^NSEBANK,ok
2026-06-18,nifty_it,28466.449219,yahoo:^CNXIT,ok
2026-06-18,silver,66.254997,yahoo:SI=F,ok
2026-06-18,us10y,4.451,yahoo:^TNX,ok
2026-06-18,usdinr,94.339897,yahoo:INR=X,ok
2026-06-18,usdjpy,161.289001,yahoo:JPY=X,ok
2026-06-18,vix,16.4,yahoo:^VIX,ok
2026-06-18,wti,76.599998,yahoo:CL=F,ok
2026-06-18,zinc,3565,westmetall:LME_Zn_cash,ok
2026-06-19,nifty50,24013.099609,yahoo:^NSEI,ok
2026-06-19,nifty_bank,57685.75,yahoo:^NSEBANK,ok
2026-06-19,nifty_it,27426.849609,yahoo:^CNXIT,ok
2026-06-19,zinc,3584.5,westmetall:LME_Zn_cash,ok
2026-06-21,usdinr,94.330299,yahoo:INR=X,ok
2026-06-21,usdjpy,161.432999,yahoo:JPY=X,ok
2026-06-22,aluminium,3860.75,yahoo:ALI=F,ok
2026-06-22,brent,77.900002,yahoo:BZ=F,ok
2026-06-22,copper,14013.684012,yahoo:HG=F,ok
2026-06-22,dxy,101.019997,yahoo:DX-Y.NYB,ok
2026-06-22,gold,4202.700195,yahoo:GC=F,ok
2026-06-22,natgas,3.253,yahoo:NG=F,ok
2026-06-22,nifty50,24102.900391,yahoo:^NSEI,ok
2026-06-22,nifty_bank,57935.601562,yahoo:^NSEBANK,ok
2026-06-22,nifty_it,27628.550781,yahoo:^CNXIT,ok
2026-06-22,silver,65.527,yahoo:SI=F,ok
2026-06-22,us10y,4.509,yahoo:^TNX,ok
2026-06-22,usdinr,94.7006,yahoo:INR=X,ok
2026-06-22,usdjpy,161.570007,yahoo:JPY=X,ok
2026-06-22,vix,17.280001,yahoo:^VIX,ok
2026-06-22,wti,74.82,yahoo:CL=F,ok
2026-06-22,zinc,3612.5,westmetall:LME_Zn_cash,ok
2026-06-23,aluminium,3738.75,yahoo:ALI=F,ok
2026-06-23,brent,77.080002,yahoo:BZ=F,ok
2026-06-23,copper,13538.587055,yahoo:HG=F,ok
2026-06-23,dxy,101.410004,yahoo:DX-Y.NYB,ok
2026-06-23,gold,4149.399902,yahoo:GC=F,ok
2026-06-23,natgas,3.147,yahoo:NG=F,ok
2026-06-23,nifty50,23824.099609,yahoo:^NSEI,ok
2026-06-23,nifty_bank,57183.75,yahoo:^NSEBANK,ok
2026-06-23,nifty_it,27012.050781,yahoo:^CNXIT,ok
2026-06-23,silver,62.02,yahoo:SI=F,ok
2026-06-23,us10y,4.493,yahoo:^TNX,ok
2026-06-23,usdinr,95.183701,yahoo:INR=X,ok
2026-06-23,usdjpy,161.598999,yahoo:JPY=X,ok
2026-06-23,vix,19.49,yahoo:^VIX,ok
2026-06-23,wti,73.209999,yahoo:CL=F,ok
2026-06-23,zinc,3503,westmetall:LME_Zn_cash,ok
2026-06-24,aluminium,3585.75,yahoo:ALI=F,ok
2026-06-24,brent,73.739998,yahoo:BZ=F,ok
2026-06-24,copper,13102.071877,yahoo:HG=F,ok
2026-06-24,dxy,101.610001,yahoo:DX-Y.NYB,ok
2026-06-24,gold,4008.800049,yahoo:GC=F,ok
2026-06-24,natgas,3.221,yahoo:NG=F,ok
2026-06-24,nifty50,24021.650391,yahoo:^NSEI,ok
2026-06-24,nifty_bank,58150.351562,yahoo:^NSEBANK,ok
2026-06-24,nifty_it,27566.699219,yahoo:^CNXIT,ok
2026-06-24,silver,58.051998,yahoo:SI=F,ok
2026-06-24,us10y,4.402,yahoo:^TNX,ok
2026-06-24,usdinr,94.440697,yahoo:INR=X,ok
2026-06-24,usdjpy,161.763,yahoo:JPY=X,ok
2026-06-24,vix,18.629999,yahoo:^VIX,ok
2026-06-24,wti,70.339996,yahoo:CL=F,ok
2026-06-24,zinc,3437,westmetall:LME_Zn_cash,ok
2026-06-25,aluminium,3649.75,yahoo:ALI=F,ok
2026-06-25,brent,75.260002,yahoo:BZ=F,ok
2026-06-25,copper,13383.161388,yahoo:HG=F,ok
2026-06-25,dxy,101.43,yahoo:DX-Y.NYB,ok
2026-06-25,gold,4047.600098,yahoo:GC=F,ok
2026-06-25,natgas,3.343,yahoo:NG=F,ok
2026-06-25,nifty50,24056,yahoo:^NSEI,ok
2026-06-25,nifty_bank,58177.050781,yahoo:^NSEBANK,ok
2026-06-25,nifty_it,27330.849609,yahoo:^CNXIT,ok
2026-06-25,silver,58.348,yahoo:SI=F,ok
2026-06-25,us10y,4.392,yahoo:^TNX,ok
2026-06-25,usdinr,94.400398,yahoo:INR=X,ok
2026-06-25,usdjpy,161.804993,yahoo:JPY=X,ok
2026-06-25,vix,18.889999,yahoo:^VIX,ok
2026-06-25,wti,71.919998,yahoo:CL=F,ok
2026-06-25,zinc,3432,westmetall:LME_Zn_cash,ok
2026-06-26,aluminium,3697.5,yahoo:ALI=F,ok
2026-06-26,brent,71.989998,yahoo:BZ=F,ok
2026-06-26,copper,13539.689812,yahoo:HG=F,ok
2026-06-26,dxy,101.360001,yahoo:DX-Y.NYB,ok
2026-06-26,gold,4096.299805,yahoo:GC=F,ok
2026-06-26,natgas,3.231,yahoo:NG=F,ok
2026-06-26,silver,59.216999,yahoo:SI=F,ok
2026-06-26,us10y,4.372,yahoo:^TNX,ok
2026-06-26,vix,18.41,yahoo:^VIX,ok
2026-06-26,wti,69.230003,yahoo:CL=F,ok
2026-06-26,zinc,3460,westmetall:LME_Zn_cash,ok
2026-06-28,usdinr,94.360298,yahoo:INR=X,ok
2026-06-28,usdjpy,161.787003,yahoo:JPY=X,ok
2026-06-29,aluminium,3393,yahoo:ALI=F,ok
2026-06-29,brent,73.150002,yahoo:BZ=F,ok
2026-06-29,copper,13442.686089,yahoo:HG=F,ok
2026-06-29,dxy,101.110001,yahoo:DX-Y.NYB,ok
2026-06-29,gold,4038.899902,yahoo:GC=F,ok
2026-06-29,natgas,3.181,yahoo:NG=F,ok
2026-06-29,nifty50,23946.25,yahoo:^NSEI,ok
2026-06-29,nifty_bank,57727.351562,yahoo:^NSEBANK,ok
2026-06-29,nifty_it,27038.5,yahoo:^CNXIT,ok
2026-06-29,silver,58.174999,yahoo:SI=F,ok
2026-06-29,us10y,4.374,yahoo:^TNX,ok
2026-06-29,usdinr,94.790497,yahoo:INR=X,ok
2026-06-29,usdjpy,161.923004,yahoo:JPY=X,ok
2026-06-29,vix,17.65,yahoo:^VIX,ok
2026-06-29,wti,70.75,yahoo:CL=F,ok
2026-06-29,zinc,3491,westmetall:LME_Zn_cash,ok
2026-06-30,aluminium,3435.25,yahoo:ALI=F,ok
2026-06-30,brent,72.919998,yahoo:BZ=F,ok
2026-06-30,copper,13652.125827,yahoo:HG=F,ok
2026-06-30,dxy,101.190002,yahoo:DX-Y.NYB,ok
2026-06-30,gold,4038.5,yahoo:GC=F,ok
2026-06-30,natgas,3.275,yahoo:NG=F,ok
2026-06-30,nifty50,23865.75,yahoo:^NSEI,ok
2026-06-30,nifty_bank,57542.898438,yahoo:^NSEBANK,ok
2026-06-30,nifty_it,26299.050781,yahoo:^CNXIT,ok
2026-06-30,silver,59.477001,yahoo:SI=F,ok
2026-06-30,us10y,4.418,yahoo:^TNX,ok
2026-06-30,usdinr,94.917999,yahoo:INR=X,ok
2026-06-30,usdjpy,162.628006,yahoo:JPY=X,ok
2026-06-30,vix,16.450001,yahoo:^VIX,ok
2026-06-30,wti,69.5,yahoo:CL=F,ok
2026-06-30,zinc,3565.5,westmetall:LME_Zn_cash,ok
2026-07-01,aluminium,3384,yahoo:ALI=F,ok
2026-07-01,brent,71.57,yahoo:BZ=F,ok
2026-07-01,copper,13500.006328,yahoo:HG=F,ok
2026-07-01,dxy,101.389999,yahoo:DX-Y.NYB,ok
2026-07-01,gold,4082.399902,yahoo:GC=F,ok
2026-07-01,natgas,3.22,yahoo:NG=F,ok
2026-07-01,nifty50,24005.849609,yahoo:^NSEI,ok
2026-07-01,nifty_bank,58033.050781,yahoo:^NSEBANK,ok
2026-07-01,nifty_it,25769.800781,yahoo:^CNXIT,ok
2026-07-01,silver,60.084999,yahoo:SI=F,ok
2026-07-01,us10y,4.475,yahoo:^TNX,ok
2026-07-01,usdinr,95.417503,yahoo:INR=X,ok
2026-07-01,usdjpy,162.539001,yahoo:JPY=X,ok
2026-07-01,vix,16.59,yahoo:^VIX,ok
2026-07-01,wti,68.580002,yahoo:CL=F,ok
2026-07-01,zinc,3529,westmetall:LME_Zn_cash,ok
2026-07-02,aluminium,3415.75,yahoo:ALI=F,ok
2026-07-02,brent,71.800003,yahoo:BZ=F,ok
2026-07-02,copper,13480.165111,yahoo:HG=F,ok
2026-07-02,dxy,100.860001,yahoo:DX-Y.NYB,ok
2026-07-02,gold,4125.700195,yahoo:GC=F,ok
2026-07-02,natgas,3.196,yahoo:NG=F,ok
2026-07-02,nifty50,24175.699219,yahoo:^NSEI,ok
2026-07-02,nifty_bank,58031.648438,yahoo:^NSEBANK,ok
2026-07-02,nifty_it,26965.050781,yahoo:^CNXIT,ok
2026-07-02,silver,60.643002,yahoo:SI=F,ok
2026-07-02,us10y,4.485,yahoo:^TNX,ok
2026-07-02,usdinr,95.5271,yahoo:INR=X,ok
2026-07-02,usdjpy,161.449005,yahoo:JPY=X,ok
2026-07-02,vix,16.15,yahoo:^VIX,ok
2026-07-02,wti,68.690002,yahoo:CL=F,ok
2026-07-02,zinc,3475,westmetall:LME_Zn_cash,ok
2026-07-03,nifty50,24270.849609,yahoo:^NSEI,ok
2026-07-03,nifty_bank,57938.5,yahoo:^NSEBANK,ok
2026-07-03,nifty_it,27439.400391,yahoo:^CNXIT,ok
2026-07-03,zinc,3546,westmetall:LME_Zn_cash,ok
2026-07-05,usdinr,95.214798,yahoo:INR=X,ok
2026-07-05,usdjpy,161.451996,yahoo:JPY=X,ok
2026-07-06,aluminium,3478.25,yahoo:ALI=F,ok
2026-07-06,brent,71.989998,yahoo:BZ=F,ok
2026-07-06,copper,13620.158487,yahoo:HG=F,ok
2026-07-06,dxy,100.849998,yahoo:DX-Y.NYB,ok
2026-07-06,gold,4167.5,yahoo:GC=F,ok
2026-07-06,natgas,3.245,yahoo:NG=F,ok
2026-07-06,nifty50,24430.349609,yahoo:^NSEI,ok
2026-07-06,nifty_bank,58291.5,yahoo:^NSEBANK,ok
2026-07-06,nifty_it,27276.449219,yahoo:^CNXIT,ok
2026-07-06,silver,61.919998,yahoo:SI=F,ok
2026-07-06,us10y,4.479,yahoo:^TNX,ok
2026-07-06,usdinr,95.6035,yahoo:INR=X,ok
2026-07-06,usdjpy,162.087997,yahoo:JPY=X,ok
2026-07-06,vix,15.57,yahoo:^VIX,ok
2026-07-06,wti,68.550003,yahoo:CL=F,ok
2026-07-06,zinc,3599,westmetall:LME_Zn_cash,ok
2026-07-07,aluminium,3503.75,yahoo:ALI=F,ok
2026-07-07,brent,74.160004,yahoo:BZ=F,ok
2026-07-07,copper,13605.828953,yahoo:HG=F,ok
2026-07-07,dxy,101.139999,yahoo:DX-Y.NYB,ok
2026-07-07,gold,4157.399902,yahoo:GC=F,ok
2026-07-07,natgas,3.265,yahoo:NG=F,ok
2026-07-07,nifty50,24398.699219,yahoo:^NSEI,ok
2026-07-07,nifty_bank,58200.699219,yahoo:^NSEBANK,ok
2026-07-07,nifty_it,27939.150391,yahoo:^CNXIT,ok
2026-07-07,silver,60.931,yahoo:SI=F,ok
2026-07-07,us10y,4.529,yahoo:^TNX,ok
2026-07-07,usdinr,95.593399,yahoo:INR=X,ok
2026-07-07,usdjpy,162.363007,yahoo:JPY=X,ok
2026-07-07,vix,16.129999,yahoo:^VIX,ok
2026-07-07,wti,70.440002,yahoo:CL=F,ok
2026-07-07,zinc,3560,westmetall:LME_Zn_cash,ok
2026-07-08,aluminium,3435.25,yahoo:ALI=F,ok
2026-07-08,brent,78.019997,yahoo:BZ=F,ok
2026-07-08,copper,13347.88788,yahoo:HG=F,ok
2026-07-08,dxy,101.050003,yahoo:DX-Y.NYB,ok
2026-07-08,gold,4082.399902,yahoo:GC=F,ok
2026-07-08,natgas,3.212,yahoo:NG=F,ok
2026-07-08,nifty50,23882.050781,yahoo:^NSEI,ok
2026-07-08,nifty_bank,56742.601562,yahoo:^NSEBANK,ok
2026-07-08,nifty_it,27555.199219,yahoo:^CNXIT,ok
2026-07-08,silver,58.164001,yahoo:SI=F,ok
2026-07-08,us10y,4.569,yahoo:^TNX,ok
2026-07-08,usdinr,95.861801,yahoo:INR=X,ok
2026-07-08,usdjpy,162.539001,yahoo:JPY=X,ok
2026-07-08,vix,16.9,yahoo:^VIX,ok
2026-07-08,wti,73.519997,yahoo:CL=F,ok
2026-07-08,zinc,3529,westmetall:LME_Zn_cash,ok
2026-07-09,aluminium,3489,yahoo:ALI=F,ok
2026-07-09,brent,76.300003,yahoo:BZ=F,ok
2026-07-09,copper,13701.72992,yahoo:HG=F,ok
2026-07-09,dxy,100.940002,yahoo:DX-Y.NYB,ok
2026-07-09,gold,4140.799805,yahoo:GC=F,ok
2026-07-09,natgas,3.012,yahoo:NG=F,ok
2026-07-09,nifty50,23962.800781,yahoo:^NSEI,ok
2026-07-09,nifty_bank,57252.449219,yahoo:^NSEBANK,ok
2026-07-09,nifty_it,27471.25,yahoo:^CNXIT,ok
2026-07-09,silver,60.377998,yahoo:SI=F,ok
2026-07-09,us10y,4.539,yahoo:^TNX,ok
2026-07-09,usdinr,95.390198,yahoo:INR=X,ok
2026-07-09,usdjpy,162.363007,yahoo:JPY=X,ok
2026-07-09,vix,15.84,yahoo:^VIX,ok
2026-07-09,wti,72.080002,yahoo:CL=F,ok
2026-07-09,zinc,3622,westmetall:LME_Zn_cash,ok
2026-07-10,aluminium,3409.75,yahoo:ALI=F,ok
2026-07-10,brent,76.010002,yahoo:BZ=F,ok
2026-07-10,copper,13742.51511,yahoo:HG=F,ok
2026-07-10,dxy,100.970001,yahoo:DX-Y.NYB,ok
2026-07-10,gold,4113.700195,yahoo:GC=F,ok
2026-07-10,natgas,2.94,yahoo:NG=F,ok
2026-07-10,nifty50,24206.900391,yahoo:^NSEI,ok
2026-07-10,nifty_bank,58045.898438,yahoo:^NSEBANK,ok
2026-07-10,nifty_it,28010.400391,yahoo:^CNXIT,ok
2026-07-10,silver,59.808998,yahoo:SI=F,ok
2026-07-10,us10y,4.569,yahoo:^TNX,ok
2026-07-10,vix,15.03,yahoo:^VIX,ok
2026-07-10,wti,71.410004,yahoo:CL=F,ok
2026-07-10,zinc,3602,westmetall:LME_Zn_cash,ok
2026-07-12,usdinr,95.324997,yahoo:INR=X,ok
2026-07-12,usdjpy,161.878006,yahoo:JPY=X,ok
2026-07-13,aluminium,3428,yahoo:ALI=F,ok
2026-07-13,brent,83.300003,yahoo:BZ=F,ok
2026-07-13,copper,13741.412353,yahoo:HG=F,ok
2026-07-13,dxy,101.279999,yahoo:DX-Y.NYB,ok
2026-07-13,gold,4005.699951,yahoo:GC=F,ok
2026-07-13,natgas,2.897,yahoo:NG=F,ok
2026-07-13,nifty50,24211,yahoo:^NSEI,ok
2026-07-13,nifty_bank,58131.449219,yahoo:^NSEBANK,ok
2026-07-13,nifty_it,29015.849609,yahoo:^CNXIT,ok
2026-07-13,silver,57.633999,yahoo:SI=F,ok
2026-07-13,us10y,4.609,yahoo:^TNX,ok
2026-07-13,usdinr,96.298897,yahoo:INR=X,ok
2026-07-13,usdjpy,162.429001,yahoo:JPY=X,ok
2026-07-13,vix,17.16,yahoo:^VIX,ok
2026-07-13,wti,78.139999,yahoo:CL=F,ok
2026-07-13,zinc,3571,westmetall:LME_Zn_cash,ok
2026-07-14,aluminium,3448,yahoo:ALI=F,ok
2026-07-14,brent,84.730003,yahoo:BZ=F,ok
2026-07-14,copper,13955.261016,yahoo:HG=F,ok
2026-07-14,dxy,100.940002,yahoo:DX-Y.NYB,ok
2026-07-14,gold,4069.699951,yahoo:GC=F,ok
2026-07-14,natgas,2.904,yahoo:NG=F,ok
2026-07-14,nifty50,24052.050781,yahoo:^NSEI,ok
2026-07-14,nifty_bank,57462.300781,yahoo:^NSEBANK,ok
2026-07-14,nifty_it,28724.75,yahoo:^CNXIT,ok
2026-07-14,silver,58.771999,yahoo:SI=F,ok
2026-07-14,us10y,4.585,yahoo:^TNX,ok
2026-07-14,usdinr,96.425301,yahoo:INR=X,ok
2026-07-14,usdjpy,162.186996,yahoo:JPY=X,ok
2026-07-14,vix,16.5,yahoo:^VIX,ok
2026-07-14,wti,79.339996,yahoo:CL=F,ok
2026-07-14,zinc,3589.5,westmetall:LME_Zn_cash,ok
2026-07-15,aluminium,3455.5,yahoo:ALI=F,ok
2026-07-15,brent,84.949997,yahoo:BZ=F,ok
2026-07-15,copper,13874.792341,yahoo:HG=F,ok
2026-07-15,dxy,100.5,yahoo:DX-Y.NYB,ok
2026-07-15,gold,4051.800049,yahoo:GC=F,ok
2026-07-15,natgas,2.924,yahoo:NG=F,ok
2026-07-15,nifty50,24078.5,yahoo:^NSEI,ok
2026-07-15,nifty_bank,57757.851562,yahoo:^NSEBANK,ok
2026-07-15,nifty_it,28532.25,yahoo:^CNXIT,ok
2026-07-15,silver,57.110001,yahoo:SI=F,ok
2026-07-15,us10y,4.545,yahoo:^TNX,ok
2026-07-15,usdinr,96.498596,yahoo:INR=X,ok
2026-07-15,usdjpy,162.072006,yahoo:JPY=X,ok
2026-07-15,vix,15.67,yahoo:^VIX,ok
2026-07-15,wti,79.599998,yahoo:CL=F,ok
2026-07-15,zinc,3553.5,westmetall:LME_Zn_cash,ok
2026-07-16,aluminium,3485.5,yahoo:ALI=F,ok
2026-07-16,brent,84.230003,yahoo:BZ=F,ok
2026-07-16,copper,13880.304024,yahoo:HG=F,ok
2026-07-16,dxy,100.730003,yahoo:DX-Y.NYB,ok
2026-07-16,gold,3992.100098,yahoo:GC=F,ok
2026-07-16,natgas,2.858,yahoo:NG=F,ok
2026-07-16,nifty50,24072.75,yahoo:^NSEI,ok
2026-07-16,nifty_bank,57582.25,yahoo:^NSEBANK,ok
2026-07-16,nifty_it,28722.599609,yahoo:^CNXIT,ok
2026-07-16,silver,55.897999,yahoo:SI=F,ok
2026-07-16,us10y,4.569,yahoo:^TNX,ok
2026-07-16,usdinr,96.652199,yahoo:INR=X,ok
2026-07-16,usdjpy,162.376007,yahoo:JPY=X,ok
2026-07-16,vix,16.73,yahoo:^VIX,ok
2026-07-16,wti,78.949997,yahoo:CL=F,ok
2026-07-16,zinc,3591,westmetall:LME_Zn_cash,ok
2026-07-17,aluminium,3529,yahoo:ALI=F,ok
2026-07-17,brent,88.099998,yahoo:BZ=F,ok
2026-07-17,copper,13712.752234,yahoo:HG=F,ok
2026-07-17,dxy,100.75,yahoo:DX-Y.NYB,ok
2026-07-17,gold,4018.800049,yahoo:GC=F,ok
2026-07-17,natgas,2.911,yahoo:NG=F,ok
2026-07-17,nifty50,24334.300781,yahoo:^NSEI,ok
2026-07-17,nifty_bank,58521.398438,yahoo:^NSEBANK,ok
2026-07-17,nifty_it,29226.599609,yahoo:^CNXIT,ok
2026-07-17,silver,56.037998,yahoo:SI=F,ok
2026-07-17,us10y,4.541,yahoo:^TNX,ok
2026-07-17,vix,18.77,yahoo:^VIX,ok
2026-07-17,wti,82.489998,yahoo:CL=F,ok
2026-07-17,zinc,3549,westmetall:LME_Zn_cash,ok
2026-07-19,usdinr,96.284798,yahoo:INR=X,ok
2026-07-19,usdjpy,162.511993,yahoo:JPY=X,ok
2026-07-20,aluminium,3532.75,yahoo:ALI=F,ok
2026-07-20,brent,89.220001,yahoo:BZ=F,ok
2026-07-20,copper,13886.917412,yahoo:HG=F,ok
2026-07-20,dxy,100.989998,yahoo:DX-Y.NYB,ok
2026-07-20,gold,4015.899902,yahoo:GC=F,ok
2026-07-20,natgas,2.86,yahoo:NG=F,ok
2026-07-20,nifty50,24238.5,yahoo:^NSEI,ok
2026-07-20,nifty_bank,57945,yahoo:^NSEBANK,ok
2026-07-20,nifty_it,29161.900391,yahoo:^CNXIT,ok
2026-07-20,silver,56.801998,yahoo:SI=F,ok
2026-07-20,us10y,4.598,yahoo:^TNX,ok
2026-07-20,usdinr,96.489601,yahoo:INR=X,ok
2026-07-20,usdjpy,162.487,yahoo:JPY=X,ok
2026-07-20,vix,18.65,yahoo:^VIX,ok
2026-07-20,wti,83.230003,yahoo:CL=F,ok
2026-07-20,zinc,3575,westmetall:LME_Zn_cash,ok
2026-07-21,aluminium,3579.25,yahoo:ALI=F,ok
2026-07-21,brent,91.010002,yahoo:BZ=F,ok
2026-07-21,copper,14354.298224,yahoo:HG=F,ok
2026-07-21,dxy,101.18,yahoo:DX-Y.NYB,ok
2026-07-21,gold,4076.399902,yahoo:GC=F,ok
2026-07-21,natgas,2.865,yahoo:NG=F,ok
2026-07-21,nifty50,24187.699219,yahoo:^NSEI,ok
2026-07-21,nifty_bank,57835.351562,yahoo:^NSEBANK,ok
2026-07-21,nifty_it,28984.400391,yahoo:^CNXIT,ok
2026-07-21,silver,58.834999,yahoo:SI=F,ok
2026-07-21,us10y,4.628,yahoo:^TNX,ok
2026-07-21,usdinr,96.340897,yahoo:INR=X,ok
2026-07-21,usdjpy,163.186005,yahoo:JPY=X,ok
2026-07-21,vix,17.049999,yahoo:^VIX,ok
2026-07-21,wti,84.910004,yahoo:CL=F,ok
2026-07-21,zinc,3591,westmetall:LME_Zn_cash,ok
2026-07-22,aluminium,3559.5,yahoo:ALI=F,ok
2026-07-22,brent,94.07,yahoo:BZ=F,ok
2026-07-22,copper,14222.020993,yahoo:HG=F,ok
2026-07-22,dxy,101.139999,yahoo:DX-Y.NYB,ok
2026-07-22,gold,4151.899902,yahoo:GC=F,ok
2026-07-22,natgas,2.925,yahoo:NG=F,ok
2026-07-22,nifty50,23996.25,yahoo:^NSEI,ok
2026-07-22,nifty_bank,57126.800781,yahoo:^NSEBANK,ok
2026-07-22,nifty_it,28549.849609,yahoo:^CNXIT,ok
2026-07-22,silver,60.019001,yahoo:SI=F,ok
2026-07-22,us10y,4.657,yahoo:^TNX,ok
2026-07-22,usdinr,96.557098,yahoo:INR=X,ok
2026-07-22,usdjpy,163.080994,yahoo:JPY=X,ok
2026-07-22,vix,16.639999,yahoo:^VIX,ok
2026-07-22,wti,86.830002,yahoo:CL=F,ok
2026-07-22,zinc,3614,westmetall:LME_Zn_cash,ok
2026-07-23,aluminium,3564.5,yahoo:ALI=F,ok
2026-07-23,brent,100.690002,yahoo:BZ=F,ok
2026-07-23,copper,13900.145241,yahoo:HG=F,ok
2026-07-23,dxy,101.43,yahoo:DX-Y.NYB,ok
2026-07-23,gold,4050.199951,yahoo:GC=F,ok
2026-07-23,natgas,2.916,yahoo:NG=F,ok
2026-07-23,nifty50,23869.599609,yahoo:^NSEI,ok
2026-07-23,nifty_bank,56592,yahoo:^NSEBANK,ok
2026-07-23,nifty_it,28533.550781,yahoo:^CNXIT,ok
2026-07-23,silver,57.798,yahoo:SI=F,ok
2026-07-23,us10y,4.703,yahoo:^TNX,ok
2026-07-23,usdinr,96.8769,yahoo:INR=X,ok
2026-07-23,usdjpy,163.832001,yahoo:JPY=X,ok
2026-07-23,vix,18.700001,yahoo:^VIX,ok
2026-07-23,wti,92.190002,yahoo:CL=F,ok
2026-07-23,zinc,3653,westmetall:LME_Zn_cash,ok
2026-07-24,aluminium,3528,yahoo:ALI=F,ok
2026-07-24,brent,96.779999,yahoo:BZ=F,ok
2026-07-24,copper,13933.215337,yahoo:HG=F,ok
2026-07-24,dxy,101.470001,yahoo:DX-Y.NYB,ok
2026-07-24,gold,4070.800049,yahoo:GC=F,ok
2026-07-24,natgas,2.871,yahoo:NG=F,ok
2026-07-24,nifty50,23767.449219,yahoo:^NSEI,ok
2026-07-24,nifty_bank,56693.5,yahoo:^NSEBANK,ok
2026-07-24,nifty_it,28767.949219,yahoo:^CNXIT,ok
2026-07-24,silver,58.655998,yahoo:SI=F,ok
2026-07-24,us10y,4.679,yahoo:^TNX,ok
2026-07-24,vix,18.58,yahoo:^VIX,ok
2026-07-24,wti,89.309998,yahoo:CL=F,ok
2026-07-24,zinc,3633,westmetall:LME_Zn_cash,ok
2026-07-26,usdinr,96.567299,yahoo:INR=X,ok
2026-07-26,usdjpy,163.610992,yahoo:JPY=X,ok
2026-07-27,aluminium,3542,yahoo:ALI=F,ok
2026-07-27,brent,88.360001,yahoo:BZ=F,ok
2026-07-27,copper,13975.103284,yahoo:HG=F,ok
2026-07-27,dxy,101.510002,yahoo:DX-Y.NYB,ok
2026-07-27,gold,4077,yahoo:GC=F,ok
2026-07-27,natgas,2.767,yahoo:NG=F,ok
2026-07-27,nifty50,23995.949219,yahoo:^NSEI,ok
2026-07-27,nifty_bank,57087.199219,yahoo:^NSEBANK,ok
2026-07-27,nifty_it,29441.900391,yahoo:^CNXIT,ok
2026-07-27,silver,58.472,yahoo:SI=F,ok
2026-07-27,us10y,4.641,yahoo:^TNX,ok
2026-07-27,usdinr,95.774101,yahoo:INR=X,ok
2026-07-27,usdjpy,163.770996,yahoo:JPY=X,ok
2026-07-27,vix,18.67,yahoo:^VIX,ok
2026-07-27,wti,82.610001,yahoo:CL=F,ok
2026-07-27,zinc,3685.5,westmetall:LME_Zn_cash,ok
2026-07-28,aluminium,3491,yahoo:ALI=F,ok
2026-07-28,brent,84.089996,yahoo:BZ=F,ok
2026-07-28,copper,13937.624263,yahoo:HG=F,ok
2026-07-28,dxy,101.379997,yahoo:DX-Y.NYB,ok
2026-07-28,gold,4038.699951,yahoo:GC=F,ok
2026-07-28,natgas,2.662,yahoo:NG=F,ok
2026-07-28,nifty50,23985.349609,yahoo:^NSEI,ok
2026-07-28,nifty_bank,56755.601562,yahoo:^NSEBANK,ok
2026-07-28,nifty_it,30418.349609,yahoo:^CNXIT,ok
2026-07-28,silver,57.296001,yahoo:SI=F,ok
2026-07-28,us10y,4.604,yahoo:^TNX,ok
2026-07-28,usdinr,95.598701,yahoo:INR=X,ok
2026-07-28,usdjpy,163.863998,yahoo:JPY=X,ok
2026-07-28,vix,18.209999,yahoo:^VIX,ok
2026-07-28,wti,79.260002,yahoo:CL=F,ok
2026-07-28,zinc,3631.5,westmetall:LME_Zn_cash,ok
2026-07-29,aluminium,3455,yahoo:ALI=F,ok
2026-07-29,brent,90.739998,yahoo:BZ=F,ok
2026-07-29,copper,13830.699931,yahoo:HG=F,ok
2026-07-29,dxy,100.800003,yahoo:DX-Y.NYB,ok
2026-07-29,gold,4036.300049,yahoo:GC=F,ok
2026-07-29,natgas,2.725,yahoo:NG=F,ok
2026-07-29,nifty50,24250.199219,yahoo:^NSEI,ok
2026-07-29,nifty_bank,57205.898438,yahoo:^NSEBANK,ok
2026-07-29,nifty_it,31123.099609,yahoo:^CNXIT,ok
2026-07-29,silver,57.862999,yahoo:SI=F,ok
2026-07-29,us10y,4.622,yahoo:^TNX,ok
2026-07-29,usdinr,95.7286,yahoo:INR=X,ok
2026-07-29,usdjpy,163.300003,yahoo:JPY=X,ok
2026-07-29,vix,20.66,yahoo:^VIX,ok
2026-07-29,wti,84.459999,yahoo:CL=F,ok
2026-07-29,zinc,3639,westmetall:LME_Zn_cash,ok
2026-07-30,aluminium,3365.75,yahoo:ALI=F,ok
2026-07-30,brent,89.029999,yahoo:BZ=F,ok
2026-07-30,copper,14207.690407,yahoo:HG=F,ok
2026-07-30,dxy,100.010002,yahoo:DX-Y.NYB,ok
2026-07-30,gold,4100.100098,yahoo:GC=F,ok
2026-07-30,natgas,2.758,yahoo:NG=F,ok
2026-07-30,nifty50,24317.150391,yahoo:^NSEI,ok
2026-07-30,nifty_bank,57147.5,yahoo:^NSEBANK,ok
2026-07-30,nifty_it,31194.550781,yahoo:^CNXIT,ok
2026-07-30,silver,58.814999,yahoo:SI=F,ok
2026-07-30,us10y,4.663,yahoo:^TNX,ok
2026-07-30,usdinr,95.684799,yahoo:INR=X,ok
2026-07-30,usdjpy,160.182999,yahoo:JPY=X,ok
2026-07-30,vix,17.09,yahoo:^VIX,ok
2026-07-30,wti,83.589996,yahoo:CL=F,ok
2026-07-30,zinc,3662,westmetall:LME_Zn_cash,ok
2026-07-31,aluminium,3334.75,yahoo:ALI=F,ok
2026-07-31,brent,90.120003,yahoo:BZ=F,ok
2026-07-31,copper,14188.950896,yahoo:HG=F,ok
2026-07-31,dxy,99.800003,yahoo:DX-Y.NYB,ok
2026-07-31,gold,4107,yahoo:GC=F,ok
2026-07-31,natgas,2.747,yahoo:NG=F,ok
2026-07-31,nifty50,24383.599609,yahoo:^NSEI,ok
2026-07-31,nifty_bank,57264.851562,yahoo:^NSEBANK,ok
2026-07-31,nifty_it,30708.949219,yahoo:^CNXIT,ok
2026-07-31,silver,57.591,yahoo:SI=F,ok
2026-07-31,us10y,4.745,yahoo:^TNX,ok
2026-07-31,vix,15.99,yahoo:^VIX,ok
2026-07-31,wti,84.669998,yahoo:CL=F,ok
2026-07-31,zinc,3710.5,westmetall:LME_Zn_cash,ok
2026-08-02,usdinr,95.402199,yahoo:INR=X,ok
2026-08-02,usdjpy,157.582001,yahoo:JPY=X,ok
2026-08-03,aluminium,3405.25,yahoo:ALI=F,ok
2026-08-03,brent,83.769997,yahoo:BZ=F,ok
2026-08-03,copper,14360.911612,yahoo:HG=F,ok
2026-08-03,dxy,99.959999,yahoo:DX-Y.NYB,ok
2026-08-03,gold,4090.5,yahoo:GC=F,ok
2026-08-03,natgas,2.781,yahoo:NG=F,ok
2026-08-03,nifty50,24774.300781,yahoo:^NSEI,ok
2026-08-03,nifty_bank,58247.949219,yahoo:^NSEBANK,ok
2026-08-03,nifty_it,31715.25,yahoo:^CNXIT,ok
2026-08-03,silver,57.667,yahoo:SI=F,ok
2026-08-03,us10y,4.686,yahoo:^TNX,ok
2026-08-03,usdinr,95.331596,yahoo:INR=X,ok
2026-08-03,usdjpy,157.529007,yahoo:JPY=X,ok
2026-08-03,vix,15.86,yahoo:^VIX,ok
2026-08-03,wti,80.339996,yahoo:CL=F,ok
2026-08-03,zinc,3751,westmetall:LME_Zn_cash,ok
2026-08-04,aluminium,3382.75,yahoo:ALI=F,ok
2026-08-04,brent,79.360001,yahoo:BZ=F,ok
2026-08-04,copper,14591.295323,yahoo:HG=F,ok
2026-08-04,dxy,99.889999,yahoo:DX-Y.NYB,ok
2026-08-04,gold,4152.600098,yahoo:GC=F,ok
2026-08-04,natgas,2.682,yahoo:NG=F,ok
2026-08-04,nifty50,24614.900391,yahoo:^NSEI,ok
2026-08-04,nifty_bank,57907.199219,yahoo:^NSEBANK,ok
2026-08-04,nifty_it,31454.150391,yahoo:^CNXIT,ok
2026-08-04,silver,60.056,yahoo:SI=F,ok
2026-08-04,us10y,4.627,yahoo:^TNX,ok
2026-08-04,usdinr,95.097198,yahoo:INR=X,ok
2026-08-04,usdjpy,157.692001,yahoo:JPY=X,ok
2026-08-04,vix,16.5,yahoo:^VIX,ok
2026-08-04,wti,75.769997,yahoo:CL=F,ok
2026-08-04,zinc,3730,westmetall:LME_Zn_cash,ok
2026-08-05,aluminium,3366,yahoo:ALI=F,ok
2026-08-05,brent,79.449997,yahoo:BZ=F,ok
2026-08-05,copper,14777.585573,yahoo:HG=F,ok
2026-08-05,dxy,99.690002,yahoo:DX-Y.NYB,ok
2026-08-05,gold,4305.200195,yahoo:GC=F,ok
2026-08-05,natgas,2.688,yahoo:NG=F,ok
2026-08-05,nifty50,24624.650391,yahoo:^NSEI,ok
2026-08-05,nifty_bank,57739.949219,yahoo:^NSEBANK,ok
2026-08-05,nifty_it,31404.050781,yahoo:^CNXIT,ok
2026-08-05,silver,62.098999,yahoo:SI=F,ok
2026-08-05,us10y,4.617,yahoo:^TNX,ok
2026-08-05,usdinr,95.077301,yahoo:INR=X,ok
2026-08-05,usdjpy,157.600006,yahoo:JPY=X,ok
2026-08-05,vix,15.81,yahoo:^VIX,ok
2026-08-05,wti,75.220001,yahoo:CL=F,ok
2026-08-05,zinc,3737,westmetall:LME_Zn_cash,ok
2026-08-06,aluminium,3365,yahoo:ALI=F,ok
2026-08-06,brent,82.489998,yahoo:BZ=F,ok
2026-08-06,copper,14742.311014,yahoo:HG=F,ok
2026-08-06,dxy,99.970001,yahoo:DX-Y.NYB,ok
2026-08-06,gold,4299.600098,yahoo:GC=F,ok
2026-08-06,natgas,2.64,yahoo:NG=F,ok
2026-08-06,nifty50,24636,yahoo:^NSEI,ok
2026-08-06,nifty_bank,58063.648438,yahoo:^NSEBANK,ok
2026-08-06,nifty_it,31106.25,yahoo:^CNXIT,ok
2026-08-06,silver,61.438999,yahoo:SI=F,ok
2026-08-06,us10y,4.67,yahoo:^TNX,ok
2026-08-06,usdinr,95.311897,yahoo:INR=X,ok
2026-08-06,usdjpy,158.408997,yahoo:JPY=X,ok
2026-08-06,vix,15.15,yahoo:^VIX,ok
2026-08-06,wti,77.290001,yahoo:CL=F,ok
2026-08-06,zinc,3857,westmetall:LME_Zn_cash,ok
2026-08-07,aluminium,3359,yahoo:ALI=F,ok
2026-08-07,brent,83.550003,yahoo:BZ=F,ok
2026-08-07,copper,14485.472698,yahoo:HG=F,ok
2026-08-07,dxy,99.599998,yahoo:DX-Y.NYB,ok
2026-08-07,gold,4399.700195,yahoo:GC=F,ok
2026-08-07,natgas,2.662,yahoo:NG=F,ok
2026-08-07,nifty50,24570.650391,yahoo:^NSEI,ok
2026-08-07,nifty_bank,57746.449219,yahoo:^NSEBANK,ok
2026-08-07,nifty_it,31547.699219,yahoo:^CNXIT,ok
2026-08-07,silver,63.332001,yahoo:SI=F,ok
2026-08-07,us10y,4.66,yahoo:^TNX,ok
2026-08-07,vix,14.9,yahoo:^VIX,ok
2026-08-07,wti,78.18,yahoo:CL=F,ok
2026-08-07,zinc,3785,westmetall:LME_Zn_cash,ok
2026-08-09,usdinr,95.210297,yahoo:INR=X,ok
2026-08-09,usdjpy,157.891006,yahoo:JPY=X,ok
2026-08-10,aluminium,3420.5,yahoo:ALI=F,ok
2026-08-10,brent,87.720001,yahoo:BZ=F,ok
2026-08-10,copper,14538.384011,yahoo:HG=F,ok
2026-08-10,dxy,99.809998,yahoo:DX-Y.NYB,ok
2026-08-10,gold,4419.700195,yahoo:GC=F,ok
2026-08-10,natgas,2.794,yahoo:NG=F,ok
2026-08-10,nifty50,24583.800781,yahoo:^NSEI,ok
2026-08-10,nifty_bank,57686.949219,yahoo:^NSEBANK,ok
2026-08-10,nifty_it,31631.449219,yahoo:^CNXIT,ok
2026-08-10,silver,65.106003,yahoo:SI=F,ok
2026-08-10,us10y,4.699,yahoo:^TNX,ok
2026-08-10,usdinr,95.396698,yahoo:INR=X,ok
2026-08-10,usdjpy,159.156006,yahoo:JPY=X,ok
2026-08-10,vix,15.46,yahoo:^VIX,ok
2026-08-10,wti,82.129997,yahoo:CL=F,ok
2026-08-10,zinc,3786,westmetall:LME_Zn_cash,ok
2026-08-11,aluminium,3470,yahoo:ALI=F,ok
2026-08-11,brent,88.910004,yahoo:BZ=F,ok
2026-08-11,copper,14576.964738,yahoo:HG=F,ok
2026-08-11,dxy,99.82,yahoo:DX-Y.NYB,ok
2026-08-11,gold,4441.100098,yahoo:GC=F,ok
2026-08-11,natgas,2.767,yahoo:NG=F,ok
2026-08-11,nifty50,24471.699219,yahoo:^NSEI,ok
2026-08-11,nifty_bank,57446.25,yahoo:^NSEBANK,ok
2026-08-11,nifty_it,31823.150391,yahoo:^CNXIT,ok
2026-08-11,silver,64.768997,yahoo:SI=F,ok
2026-08-11,us10y,4.684,yahoo:^TNX,ok
2026-08-11,usdinr,95.379898,yahoo:INR=X,ok
2026-08-11,usdjpy,159.264999,yahoo:JPY=X,ok
2026-08-11,vix,15.28,yahoo:^VIX,ok
2026-08-11,wti,83.199997,yahoo:CL=F,ok
2026-08-11,zinc,3822,westmetall:LME_Zn_cash,ok
2026-08-12,aluminium,3423,yahoo:ALI=F,ok
2026-08-12,brent,88.980003,yahoo:BZ=F,ok
2026-08-12,copper,14543.895693,yahoo:HG=F,ok
2026-08-12,dxy,100.010002,yahoo:DX-Y.NYB,ok
2026-08-12,gold,4467.5,yahoo:GC=F,ok
2026-08-12,natgas,2.804,yahoo:NG=F,ok
2026-08-12,nifty50,24435.949219,yahoo:^NSEI,ok
2026-08-12,nifty_bank,57885.851562,yahoo:^NSEBANK,ok
2026-08-12,nifty_it,31332.550781,yahoo:^CNXIT,ok
2026-08-12,silver,65.555,yahoo:SI=F,ok
2026-08-12,us10y,4.682,yahoo:^TNX,ok
2026-08-12,usdinr,95.344299,yahoo:INR=X,ok
2026-08-12,usdjpy,159.328003,yahoo:JPY=X,ok
2026-08-12,vix,14.55,yahoo:^VIX,ok
2026-08-12,wti,83.269997,yahoo:CL=F,ok
2026-08-12,zinc,3852,westmetall:LME_Zn_cash,ok
2026-08-13,aluminium,3391,yahoo:ALI=F,ok
2026-08-13,brent,87.07,yahoo:BZ=F,ok
2026-08-13,copper,14533.975085,yahoo:HG=F,ok
2026-08-13,dxy,99.959999,yahoo:DX-Y.NYB,ok
2026-08-13,gold,4420.399902,yahoo:GC=F,ok
2026-08-13,natgas,2.727,yahoo:NG=F,ok
2026-08-13,nifty50,24395.849609,yahoo:^NSEI,ok
2026-08-13,nifty_bank,57635.25,yahoo:^NSEBANK,ok
2026-08-13,nifty_it,31453.900391,yahoo:^CNXIT,ok
2026-08-13,silver,64.873001,yahoo:SI=F,ok
2026-08-13,us10y,4.641,yahoo:^TNX,ok
2026-08-13,usdinr,95.401199,yahoo:INR=X,ok
2026-08-13,usdjpy,159.425995,yahoo:JPY=X,ok
2026-08-13,vix,14.63,yahoo:^VIX,ok
2026-08-13,wti,81.25,yahoo:CL=F,ok
2026-08-13,zinc,3806,westmetall:LME_Zn_cash,ok
2026-08-14,aluminium,3355.5,yahoo:ALI=F,ok
2026-08-14,brent,88.519997,yahoo:BZ=F,ok
2026-08-14,copper,14549.407376,yahoo:HG=F,ok
2026-08-14,dxy,99.669998,yahoo:DX-Y.NYB,ok
2026-08-14,gold,4437.299805,yahoo:GC=F,ok
2026-08-14,natgas,2.733,yahoo:NG=F,ok
2026-08-14,nifty50,24366,yahoo:^NSEI,ok
2026-08-14,nifty_bank,57491.101562,yahoo:^NSEBANK,ok
2026-08-14,nifty_it,31357.75,yahoo:^CNXIT,ok
2026-08-14,silver,64.987999,yahoo:SI=F,ok
2026-08-14,us10y,4.696,yahoo:^TNX,ok
2026-08-14,vix,14.25,yahoo:^VIX,ok
2026-08-14,wti,82.400002,yahoo:CL=F,ok
2026-08-14,zinc,3875,westmetall:LME_Zn_cash,ok
2026-08-16,usdinr,95.450302,yahoo:INR=X,ok
2026-08-16,usdjpy,159.223007,yahoo:JPY=X,ok
2026-08-17,aluminium,3427.25,yahoo:ALI=F,ok
2026-08-17,brent,90.870003,yahoo:BZ=F,ok
2026-08-17,copper,14559.327984,yahoo:HG=F,ok
2026-08-17,dxy,99.639999,yahoo:DX-Y.NYB,ok
2026-08-17,gold,4473.700195,yahoo:GC=F,ok
2026-08-17,natgas,2.69,yahoo:NG=F,ok
2026-08-17,nifty50,24287.650391,yahoo:^NSEI,ok
2026-08-17,nifty_bank,57497.800781,yahoo:^NSEBANK,ok
2026-08-17,nifty_it,30807.800781,yahoo:^CNXIT,ok
2026-08-17,silver,66.121002,yahoo:SI=F,ok
2026-08-17,us10y,4.724,yahoo:^TNX,ok
2026-08-17,usdinr,95.694099,yahoo:INR=X,ok
2026-08-17,usdjpy,159.339996,yahoo:JPY=X,ok
2026-08-17,vix,15.19,yahoo:^VIX,ok
2026-08-17,wti,84.5,yahoo:CL=F,ok
2026-08-17,zinc,3855,westmetall:LME_Zn_cash,ok
2026-08-18,aluminium,3329.5,yahoo:ALI=F,ok
2026-08-18,brent,91.019997,yahoo:BZ=F,ok
2026-08-18,copper,14291.466302,yahoo:HG=F,ok
2026-08-18,dxy,99.650002,yahoo:DX-Y.NYB,ok
2026-08-18,gold,4420.600098,yahoo:GC=F,ok
2026-08-18,natgas,2.776,yahoo:NG=F,ok
2026-08-18,nifty50,24154.900391,yahoo:^NSEI,ok
2026-08-18,nifty_bank,57262.398438,yahoo:^NSEBANK,ok
2026-08-18,nifty_it,30213.449219,yahoo:^CNXIT,ok
2026-08-18,silver,63.941002,yahoo:SI=F,ok
2026-08-18,us10y,4.706,yahoo:^TNX,ok
2026-08-18,usdinr,95.816399,yahoo:INR=X,ok
2026-08-18,usdjpy,159.550003,yahoo:JPY=X,ok
2026-08-18,vix,15.84,yahoo:^VIX,ok
2026-08-18,wti,84.940002,yahoo:CL=F,ok
2026-08-18,zinc,3795,westmetall:LME_Zn_cash,ok
2026-08-19,aluminium,3350.5,yahoo:ALI=F,ok
2026-08-19,brent,91.620003,yahoo:BZ=F,ok
2026-08-19,copper,14302.489668,yahoo:HG=F,ok
2026-08-19,dxy,98.830002,yahoo:DX-Y.NYB,ok
2026-08-19,gold,4545.299805,yahoo:GC=F,ok
2026-08-19,natgas,2.814,yahoo:NG=F,ok
2026-08-19,nifty50,24078.300781,yahoo:^NSEI,ok
2026-08-19,nifty_bank,57239.75,yahoo:^NSEBANK,ok
2026-08-19,nifty_it,30433.050781,yahoo:^CNXIT,ok
2026-08-19,silver,65.734001,yahoo:SI=F,ok
2026-08-19,us10y,4.653,yahoo:^TNX,ok
2026-08-19,usdinr,95.496002,yahoo:INR=X,ok
2026-08-19,usdjpy,158.276001,yahoo:JPY=X,ok
2026-08-19,vix,14.89,yahoo:^VIX,ok
2026-08-19,wti,85.830002,yahoo:CL=F,ok
2026-08-19,zinc,3750,westmetall:LME_Zn_cash,ok
2026-08-20,aluminium,3324.25,yahoo:ALI=F,ok
2026-08-20,brent,93.779999,yahoo:BZ=F,ok
2026-08-20,copper,14241.862209,yahoo:HG=F,ok
2026-08-20,dxy,98.900002,yahoo:DX-Y.NYB,ok
2026-08-20,gold,4571.399902,yahoo:GC=F,ok
2026-08-20,natgas,2.733,yahoo:NG=F,ok
2026-08-20,nifty50,24231.849609,yahoo:^NSEI,ok
2026-08-20,nifty_bank,57495.898438,yahoo:^NSEBANK,ok
2026-08-20,nifty_it,30673.050781,yahoo:^CNXIT,ok
2026-08-20,silver,68.026001,yahoo:SI=F,ok
2026-08-20,us10y,4.696,yahoo:^TNX,ok
2026-08-20,usdinr,95.772202,yahoo:INR=X,ok
2026-08-20,usdjpy,158.882996,yahoo:JPY=X,ok
2026-08-20,vix,16.01,yahoo:^VIX,ok
2026-08-20,wti,87.830002,yahoo:CL=F,ok
2026-08-20,zinc,3865.5,westmetall:LME_Zn_cash,ok
2026-08-21,aluminium,3482.5,yahoo:ALI=F,ok
2026-08-21,brent,94.389999,yahoo:BZ=F,ok
2026-08-21,copper,14505.314966,yahoo:HG=F,ok
2026-08-21,dxy,98.800003,yahoo:DX-Y.NYB,ok
2026-08-21,gold,4680.600098,yahoo:GC=F,ok
2026-08-21,natgas,2.773,yahoo:NG=F,ok
2026-08-21,nifty50,24252,yahoo:^NSEI,ok
2026-08-21,nifty_bank,57761.949219,yahoo:^NSEBANK,ok
2026-08-21,nifty_it,30532.25,yahoo:^CNXIT,ok
2026-08-21,silver,69.466003,yahoo:SI=F,ok
2026-08-21,us10y,4.738,yahoo:^TNX,ok
2026-08-21,vix,15.13,yahoo:^VIX,ok
2026-08-21,wti,87.059998,yahoo:CL=F,ok
2026-08-21,zinc,3980,westmetall:LME_Zn_cash,ok
2026-08-23,usdinr,95.700302,yahoo:INR=X,ok
2026-08-23,usdjpy,158.904007,yahoo:JPY=X,ok
2026-08-24,aluminium,3406,yahoo:ALI=F,ok
2026-08-24,brent,92.169998,yahoo:BZ=F,ok
2026-08-24,copper,14548.304619,yahoo:HG=F,ok
2026-08-24,dxy,99,yahoo:DX-Y.NYB,ok
2026-08-24,gold,4697.799805,yahoo:GC=F,ok
2026-08-24,natgas,2.782,yahoo:NG=F,ok
2026-08-24,nifty50,24219.050781,yahoo:^NSEI,ok
2026-08-24,nifty_bank,57525.949219,yahoo:^NSEBANK,ok
2026-08-24,nifty_it,30596.900391,yahoo:^CNXIT,ok
2026-08-24,silver,68.541,yahoo:SI=F,ok
2026-08-24,us10y,4.704,yahoo:^TNX,ok
2026-08-24,usdinr,95.723099,yahoo:INR=X,ok
2026-08-24,usdjpy,159.139008,yahoo:JPY=X,ok
2026-08-24,vix,15.85,yahoo:^VIX,ok
2026-08-24,wti,85.010002,yahoo:CL=F,ok
2026-08-24,zinc,3985,westmetall:LME_Zn_cash,ok
2026-08-25,aluminium,3419.25,yahoo:ALI=F,ok
2026-08-25,brent,88.580002,yahoo:BZ=F,ok
2026-08-25,copper,14791.915107,yahoo:HG=F,ok
2026-08-25,dxy,98.919998,yahoo:DX-Y.NYB,ok
2026-08-25,gold,4694.5,yahoo:GC=F,ok
2026-08-25,natgas,2.77,yahoo:NG=F,ok
2026-08-25,nifty50,24334.550781,yahoo:^NSEI,ok
2026-08-25,nifty_bank,57514.199219,yahoo:^NSEBANK,ok
2026-08-25,nifty_it,30771.800781,yahoo:^CNXIT,ok
2026-08-25,silver,68.636002,yahoo:SI=F,ok
2026-08-25,us10y,4.639,yahoo:^TNX,ok
2026-08-25,usdinr,93.546097,yahoo:INR=X,ok
2026-08-25,usdjpy,159.223007,yahoo:JPY=X,ok
2026-08-25,vix,15.45,yahoo:^VIX,ok
2026-08-25,wti,82.360001,yahoo:CL=F,ok
2026-08-25,zinc,3987,westmetall:LME_Zn_cash,ok
2026-08-26,aluminium,3343.5,yahoo:ALI=F,ok
2026-08-26,brent,87.839996,yahoo:BZ=F,ok
2026-08-26,copper,14538.384011,yahoo:HG=F,ok
2026-08-26,dxy,99.169998,yahoo:DX-Y.NYB,ok
2026-08-26,gold,4653.299805,yahoo:GC=F,ok
2026-08-26,natgas,2.842,yahoo:NG=F,ok
2026-08-26,nifty50,24207.75,yahoo:^NSEI,ok
2026-08-26,nifty_bank,57783.75,yahoo:^NSEBANK,ok
2026-08-26,nifty_it,30318.849609,yahoo:^CNXIT,ok
2026-08-26,silver,67.989998,yahoo:SI=F,ok
2026-08-26,us10y,4.664,yahoo:^TNX,ok
2026-08-26,usdinr,95.430298,yahoo:INR=X,ok
2026-08-26,usdjpy,159.255005,yahoo:JPY=X,ok
2026-08-26,vix,15.21,yahoo:^VIX,ok
2026-08-26,wti,82.230003,yahoo:CL=F,ok
2026-08-26,zinc,4107,westmetall:LME_Zn_cash,ok
2026-08-27,aluminium,3357.5,yahoo:ALI=F,ok
2026-08-27,brent,89.699997,yahoo:BZ=F,ok
2026-08-27,copper,14521.848962,yahoo:HG=F,ok
2026-08-27,dxy,99.160004,yahoo:DX-Y.NYB,ok
2026-08-27,gold,4664,yahoo:GC=F,ok
2026-08-27,natgas,2.907,yahoo:NG=F,ok
2026-08-27,nifty50,24090.849609,yahoo:^NSEI,ok
2026-08-27,nifty_bank,57509.949219,yahoo:^NSEBANK,ok
2026-08-27,nifty_it,30221.150391,yahoo:^CNXIT,ok
2026-08-27,silver,69.429001,yahoo:SI=F,ok
2026-08-27,us10y,4.672,yahoo:^TNX,ok
2026-08-27,usdinr,95.470398,yahoo:INR=X,ok
2026-08-27,usdjpy,159.320999,yahoo:JPY=X,ok
2026-08-27,vix,14.51,yahoo:^VIX,ok
2026-08-27,wti,83.529999,yahoo:CL=F,ok
2026-08-27,zinc,4107,westmetall:LME_Zn_cash,ok
2026-08-28,aluminium,3378.25,yahoo:ALI=F,ok
2026-08-28,brent,89.309998,yahoo:BZ=F,ok
2026-08-28,copper,14466.733187,yahoo:HG=F,ok
2026-08-28,dxy,99.699997,yahoo:DX-Y.NYB,ok
2026-08-28,gold,4529.899902,yahoo:GC=F,ok
2026-08-28,natgas,2.888,yahoo:NG=F,ok
2026-08-28,nifty50,24175.650391,yahoo:^NSEI,ok
2026-08-28,nifty_bank,57496.300781,yahoo:^NSEBANK,ok
2026-08-28,nifty_it,31281.699219,yahoo:^CNXIT,ok
2026-08-28,silver,66.995003,yahoo:SI=F,ok
2026-08-28,us10y,4.72,yahoo:^TNX,ok
2026-08-28,vix,14.43,yahoo:^VIX,ok
2026-08-28,wti,83.400002,yahoo:CL=F,ok
2026-08-28,zinc,4070,westmetall:LME_Zn_cash,ok
2026-08-30,usdinr,95.380302,yahoo:INR=X,ok
2026-08-30,usdjpy,160.121994,yahoo:JPY=X,ok
2026-08-31,aluminium,3376.5,yahoo:ALI=F,ok
2026-08-31,brent,90.489998,yahoo:BZ=F,ok
2026-08-31,copper,14536.179548,yahoo:HG=F,ok
2026-08-31,dxy,99.43,yahoo:DX-Y.NYB,ok
2026-08-31,gold,4481.5,yahoo:GC=F,ok
2026-08-31,natgas,2.935,yahoo:NG=F,ok
2026-08-31,nifty50,24080.400391,yahoo:^NSEI,ok
2026-08-31,nifty_bank,58024.949219,yahoo:^NSEBANK,ok
2026-08-31,nifty_it,31191.449219,yahoo:^CNXIT,ok
2026-08-31,silver,66.221001,yahoo:SI=F,ok
2026-08-31,us10y,4.758,yahoo:^TNX,ok
2026-08-31,usdinr,95.114403,yahoo:INR=X,ok
2026-08-31,usdjpy,159.746994,yahoo:JPY=X,ok
2026-08-31,vix,14.92,yahoo:^VIX,ok
2026-08-31,wti,85.760002,yahoo:CL=F,ok
2026-09-01,aluminium,3413.5,yahoo:ALI=F,ok
2026-09-01,brent,94.650002,yahoo:BZ=F,ok
2026-09-01,copper,14344.376564,yahoo:HG=F,ok
2026-09-01,dxy,99.669998,yahoo:DX-Y.NYB,ok
2026-09-01,gold,4396.399902,yahoo:GC=F,ok
2026-09-01,natgas,2.904,yahoo:NG=F,ok
2026-09-01,nifty50,24055.800781,yahoo:^NSEI,ok
2026-09-01,nifty_bank,57409.601562,yahoo:^NSEBANK,ok
2026-09-01,nifty_it,31496.699219,yahoo:^CNXIT,ok
2026-09-01,silver,64.617996,yahoo:SI=F,ok
2026-09-01,us10y,4.796,yahoo:^TNX,ok
2026-09-01,usdinr,94.9552,yahoo:INR=X,ok
2026-09-01,usdjpy,160.195999,yahoo:JPY=X,ok
2026-09-01,vix,16.34,yahoo:^VIX,ok
2026-09-01,wti,90.220001,yahoo:CL=F,ok
2026-09-01,zinc,4115,westmetall:LME_Zn_cash,ok
2026-09-02,aluminium,3419.25,yahoo:ALI=F,ok
2026-09-02,brent,95.629997,yahoo:BZ=F,ok
2026-09-02,copper,14332.251493,yahoo:HG=F,ok
2026-09-02,dxy,99.559998,yahoo:DX-Y.NYB,ok
2026-09-02,gold,4414.600098,yahoo:GC=F,ok
2026-09-02,natgas,2.956,yahoo:NG=F,ok
2026-09-02,nifty50,23914.449219,yahoo:^NSEI,ok
2026-09-02,nifty_bank,57172,yahoo:^NSEBANK,ok
2026-09-02,nifty_it,31102.900391,yahoo:^CNXIT,ok
2026-09-02,silver,64.723,yahoo:SI=F,ok
2026-09-02,us10y,4.796,yahoo:^TNX,ok
2026-09-02,usdinr,94.487701,yahoo:INR=X,ok
2026-09-02,usdjpy,158.923004,yahoo:JPY=X,ok
2026-09-02,vix,15.2,yahoo:^VIX,ok
2026-09-02,wti,91.010002,yahoo:CL=F,ok
2026-09-02,zinc,4000,westmetall:LME_Zn_cash,ok
2026-09-03,aluminium,3463,yahoo:ALI=F,ok
2026-09-03,brent,95.519997,yahoo:BZ=F,ok
2026-09-03,copper,14499.803283,yahoo:HG=F,ok
2026-09-03,dxy,99,yahoo:DX-Y.NYB,ok
2026-09-03,gold,4539.899902,yahoo:GC=F,ok
2026-09-03,natgas,2.913,yahoo:NG=F,ok
2026-09-03,nifty50,23873.449219,yahoo:^NSEI,ok
2026-09-03,nifty_bank,57380.601562,yahoo:^NSEBANK,ok
2026-09-03,nifty_it,30838.849609,yahoo:^CNXIT,ok
2026-09-03,silver,66.973,yahoo:SI=F,ok
2026-09-03,us10y,4.762,yahoo:^TNX,ok
2026-09-03,usdinr,94.494904,yahoo:INR=X,ok
2026-09-03,usdjpy,155.660004,yahoo:JPY=X,ok
2026-09-03,vix,14.32,yahoo:^VIX,ok
2026-09-03,wti,91.300003,yahoo:CL=F,ok
2026-09-03,zinc,3995.5,westmetall:LME_Zn_cash,ok
2026-09-04,aluminium,3439.25,yahoo:ALI=F,ok
2026-09-04,brent,96.279999,yahoo:BZ=F,ok
2026-09-04,copper,14543.895693,yahoo:HG=F,ok
2026-09-04,dxy,99.160004,yahoo:DX-Y.NYB,ok
2026-09-04,gold,4476.600098,yahoo:GC=F,ok
2026-09-04,natgas,2.975,yahoo:NG=F,ok
2026-09-04,nifty50,23897.699219,yahoo:^NSEI,ok
2026-09-04,nifty_bank,57369.648438,yahoo:^NSEBANK,ok
2026-09-04,nifty_it,30695.150391,yahoo:^CNXIT,ok
2026-09-04,silver,66.046997,yahoo:SI=F,ok
2026-09-04,us10y,4.784,yahoo:^TNX,ok
2026-09-04,vix,14.53,yahoo:^VIX,ok
2026-09-04,wti,91.480003,yahoo:CL=F,ok
2026-09-04,zinc,4087,westmetall:LME_Zn_cash,ok
2026-09-06,usdinr,94.430298,yahoo:INR=X,ok
2026-09-06,usdjpy,156.197006,yahoo:JPY=X,ok
2026-09-07,nifty50,23779.150391,yahoo:^NSEI,ok
2026-09-07,nifty_bank,57088.300781,yahoo:^NSEBANK,ok
2026-09-07,nifty_it,29995.199219,yahoo:^CNXIT,ok
2026-09-07,usdinr,94.491898,yahoo:INR=X,ok
2026-09-07,usdjpy,153.854996,yahoo:JPY=X,ok
2026-09-07,vix,15.3,yahoo:^VIX,ok
2026-09-07,zinc,4157,westmetall:LME_Zn_cash,ok
2026-09-08,aluminium,3482.5,yahoo:ALI=F,ok
2026-09-08,brent,97.919998,yahoo:BZ=F,ok
2026-09-08,copper,14856.951491,yahoo:HG=F,ok
2026-09-08,dxy,98.839996,yahoo:DX-Y.NYB,ok
2026-09-08,gold,4439,yahoo:GC=F,ok
2026-09-08,natgas,2.916,yahoo:NG=F,ok
2026-09-08,nifty50,23635.099609,yahoo:^NSEI,ok
2026-09-08,nifty_bank,56777.550781,yahoo:^NSEBANK,ok
2026-09-08,nifty_it,29883.5,yahoo:^CNXIT,ok
2026-09-08,silver,66.296997,yahoo:SI=F,ok
2026-09-08,us10y,4.806,yahoo:^TNX,ok
2026-09-08,usdinr,94.822998,yahoo:INR=X,ok
2026-09-08,usdjpy,153.477997,yahoo:JPY=X,ok
2026-09-08,vix,15.72,yahoo:^VIX,ok
2026-09-08,wti,93.029999,yahoo:CL=F,ok
2026-09-08,zinc,4110,westmetall:LME_Zn_cash,ok
2026-09-09,aluminium,3511.25,yahoo:ALI=F,ok
2026-09-09,brent,101.209999,yahoo:BZ=F,ok
2026-09-09,copper,14999.150382,yahoo:HG=F,ok
2026-09-09,dxy,98.769997,yahoo:DX-Y.NYB,ok
2026-09-09,gold,4460.700195,yahoo:GC=F,ok
2026-09-09,natgas,2.822,yahoo:NG=F,ok
2026-09-09,nifty50,23431.5,yahoo:^NSEI,ok
2026-09-09,nifty_bank,56295.550781,yahoo:^NSEBANK,ok
2026-09-09,nifty_it,28914,yahoo:^CNXIT,ok
2026-09-09,silver,67.942001,yahoo:SI=F,ok
2026-09-09,us10y,4.837,yahoo:^TNX,ok
2026-09-09,usdinr,95.111801,yahoo:INR=X,ok
2026-09-09,usdjpy,153.572998,yahoo:JPY=X,ok
2026-09-09,vix,16.459999,yahoo:^VIX,ok
2026-09-09,wti,96.050003,yahoo:CL=F,ok
2026-09-09,zinc,4186,westmetall:LME_Zn_cash,ok
2026-09-10,aluminium,3451.25,yahoo:ALI=F,ok
2026-09-10,brent,107.629997,yahoo:BZ=F,ok
2026-09-10,copper,14257.2945,yahoo:HG=F,ok
2026-09-10,dxy,99.089996,yahoo:DX-Y.NYB,ok
2026-09-10,gold,4407.299805,yahoo:GC=F,ok
2026-09-10,natgas,2.834,yahoo:NG=F,ok
2026-09-10,nifty50,23477.800781,yahoo:^NSEI,ok
2026-09-10,nifty_bank,56471.949219,yahoo:^NSEBANK,ok
2026-09-10,nifty_it,28890.900391,yahoo:^CNXIT,ok
2026-09-10,silver,64.283997,yahoo:SI=F,ok
2026-09-10,us10y,4.944,yahoo:^TNX,ok
2026-09-10,usdinr,95.694504,yahoo:INR=X,ok
2026-09-10,usdjpy,154.481995,yahoo:JPY=X,ok
2026-09-10,vix,17.84,yahoo:^VIX,ok
2026-09-10,wti,102.480003,yahoo:CL=F,ok
2026-09-10,zinc,4105,westmetall:LME_Zn_cash,ok
2026-09-11,aluminium,3383,yahoo:ALI=F,ok
2026-09-11,brent,104.610001,yahoo:BZ=F,ok
2026-09-11,copper,14262.806183,yahoo:HG=F,ok
2026-09-11,dxy,99.120003,yahoo:DX-Y.NYB,ok
2026-09-11,gold,4408.899902,yahoo:GC=F,ok
2026-09-11,natgas,2.831,yahoo:NG=F,ok
2026-09-11,nifty50,23398.099609,yahoo:^NSEI,ok
2026-09-11,nifty_bank,56606.550781,yahoo:^NSEBANK,ok
2026-09-11,nifty_it,28921.5,yahoo:^CNXIT,ok
2026-09-11,silver,64.554001,yahoo:SI=F,ok
2026-09-11,us10y,4.975,yahoo:^TNX,ok
2026-09-11,vix,15.84,yahoo:^VIX,ok
2026-09-11,wti,100.050003,yahoo:CL=F,ok
2026-09-11,zinc,4015,westmetall:LME_Zn_cash,ok
2026-09-13,usdinr,95.032799,yahoo:INR=X,ok
2026-09-13,usdjpy,153.423996,yahoo:JPY=X,ok
2026-09-14,aluminium,3382,yahoo:ALI=F,ok
2026-09-14,brent,105.68,yahoo:BZ=F,ok
2026-09-14,copper,13955.261016,yahoo:HG=F,ok
2026-09-14,dxy,99.459999,yahoo:DX-Y.NYB,ok
2026-09-14,gold,4351.899902,yahoo:GC=F,ok
2026-09-14,natgas,2.896,yahoo:NG=F,ok
2026-09-14,silver,63.513,yahoo:SI=F,ok
2026-09-14,us10y,4.961,yahoo:^TNX,ok
2026-09-14,usdinr,95.835403,yahoo:INR=X,ok
2026-09-14,usdjpy,154.384995,yahoo:JPY=X,ok
2026-09-14,vix,17.1,yahoo:^VIX,ok
2026-09-14,wti,101.389999,yahoo:CL=F,ok
2026-09-14,zinc,3951,westmetall:LME_Zn_cash,ok
2026-09-15,aluminium,3374.25,yahoo:ALI=F,ok
2026-09-15,brent,108.75,yahoo:BZ=F,ok
2026-09-15,copper,14040.139668,yahoo:HG=F,ok
2026-09-15,dxy,99.650002,yahoo:DX-Y.NYB,ok
2026-09-15,gold,4332.799805,yahoo:GC=F,ok
2026-09-15,natgas,2.919,yahoo:NG=F,ok
2026-09-15,nifty50,23118.599609,yahoo:^NSEI,ok
2026-09-15,nifty_bank,55794.75,yahoo:^NSEBANK,ok
2026-09-15,nifty_it,29555.300781,yahoo:^CNXIT,ok
2026-09-15,silver,63.236,yahoo:SI=F,ok
2026-09-15,us10y,4.996,yahoo:^TNX,ok
2026-09-15,usdinr,95.992699,yahoo:INR=X,ok
2026-09-15,usdjpy,155.266006,yahoo:JPY=X,ok
2026-09-15,vix,17.200001,yahoo:^VIX,ok
2026-09-15,wti,105.830002,yahoo:CL=F,ok
2026-09-15,zinc,3922,westmetall:LME_Zn_cash,ok
2026-09-16,aluminium,3421.5,yahoo:ALI=F,ok
2026-09-16,brent,105.830002,yahoo:BZ=F,ok
2026-09-16,copper,14179.030288,yahoo:HG=F,ok
2026-09-16,dxy,100.309998,yahoo:DX-Y.NYB,ok
2026-09-16,gold,4387.5,yahoo:GC=F,ok
2026-09-16,natgas,2.891,yahoo:NG=F,ok
2026-09-16,nifty50,23217.599609,yahoo:^NSEI,ok
2026-09-16,nifty_bank,56292.449219,yahoo:^NSEBANK,ok
2026-09-16,nifty_it,29087.650391,yahoo:^CNXIT,ok
2026-09-16,silver,64.288002,yahoo:SI=F,ok
2026-09-16,us10y,5.006,yahoo:^TNX,ok
2026-09-16,usdinr,96.132301,yahoo:INR=X,ok
2026-09-16,usdjpy,156.014008,yahoo:JPY=X,ok
2026-09-16,vix,17.709999,yahoo:^VIX,ok
2026-09-16,wti,102.43,yahoo:CL=F,ok
2026-09-16,zinc,3937,westmetall:LME_Zn_cash,ok
2026-09-17,aluminium,3432.25,yahoo:ALI=F,ok
2026-09-17,brent,104.82,yahoo:BZ=F,ok
2026-09-17,copper,14520.747257,yahoo:HG=F,ok
2026-09-17,dxy,100.220001,yahoo:DX-Y.NYB,ok
2026-09-17,gold,4399.700195,yahoo:GC=F,ok
2026-09-17,natgas,2.901,yahoo:NG=F,ok
2026-09-17,nifty50,23270.599609,yahoo:^NSEI,ok
2026-09-17,nifty_bank,56055.75,yahoo:^NSEBANK,ok
2026-09-17,nifty_energy,37381.75,yahoo:^CNXENERGY,ok
2026-09-17,nifty_it,29155.599609,yahoo:^CNXIT,ok
2026-09-17,nifty_metal,12858.450195,yahoo:^CNXMETAL,ok
2026-09-17,silver,65.470001,yahoo:SI=F,ok
2026-09-17,us10y,4.947,yahoo:^TNX,ok
2026-09-17,vix,15.44,yahoo:^VIX,ok
2026-09-17,wti,101.910004,yahoo:CL=F,ok
2026-09-17,zinc,3941,westmetall:LME_Zn_cash,ok
2026-09-18,aluminium,3459,yahoo:ALI=F,ok
2026-09-18,brent,103.959999,yahoo:BZ=F,ok
2026-09-18,copper,14623.261611,yahoo:HG=F,ok
2026-09-18,dxy,100.260002,yahoo:DX-Y.NYB,ok
2026-09-18,gold,4378.700195,yahoo:GC=F,ok
2026-09-18,natgas,2.86,yahoo:NG=F,ok
2026-09-18,nifty50,23334.699219,yahoo:^NSEI,ok
2026-09-18,nifty_bank,56172.851562,yahoo:^NSEBANK,ok
2026-09-18,nifty_energy,37453.101562,yahoo:^CNXENERGY,ok
2026-09-18,nifty_it,29145.349609,yahoo:^CNXIT,ok
2026-09-18,nifty_metal,12908.099609,yahoo:^CNXMETAL,ok
2026-09-18,silver,66.214996,yahoo:SI=F,ok
2026-09-18,usdinr,95.712502,yahoo:INR=X,ok
2026-09-18,usdjpy,157.037003,yahoo:JPY=X,ok
2026-09-18,wti,101.209999,yahoo:CL=F,ok
